Station_Name,Latitude,Longitude,State,Town,Power_kW
Tata Power Charging Station,22.2869608,86.7909833,Odisha,,25.0
Hindustan Petroleum Corporation Limited Charging Station,22.4497441,86.59494370000002,Odisha,,30.0
Hindustan Petroleum Corporation Limited,22.4498584,86.5950411,Odisha,,0.0
Jio-bp,22.140249999999998,85.71265,Odisha,,7.4
Jio-bp,22.0015401,85.3279801,Odisha,,7.4
Ather Grid Charging Station,22.243665999999997,84.827354,Odisha,,1.100000023841858
Ather Grid Charging Station,22.23666,84.77015,Odisha,,1.100000023841858
Ather Grid Charging Station,22.226704599999998,84.8641165,Odisha,,1.100000023841858
Tata Power Charging Station,22.2268099,84.79603639999999,Odisha,,25.0
Ather Charging Station,22.2278125,84.81838739999999,Odisha,,1.100000023841858
Ather charging station,22.1040381,84.0375432,Odisha,,1.1
Jio-bp,22.1100379,83.99531890000002,Odisha,,7.4
Ather Grid Charging Station,22.105083,84.03789499999999,Odisha,,1.100000023841858
Tata Power Charging Station,21.762953,87.010724,Odisha,,3.299999952316284
Ather Grid Charging Station,21.940046,86.74460599999999,Odisha,,1.1
WARIVO ELECTRIC SCOOTER SHOWROOM -PREMJIT MOTORS BARIPADA,21.9265285,86.7319555,Odisha,,0.0
Ather Grid Charging Station,21.909101,86.751335,Odisha,,1.100000023841858
Electric Vehicle Charging Station,21.8057616,85.9951672,Odisha,,0.0
Ather Grid Charging Station,21.852719999999998,83.99909,Odisha,,1.100000023841858
Tata Power Charging Station,21.86703,83.966208,Odisha,,25.0
Ather Grid Charging Station,21.917408,83.38266,Odisha,,1.100000023841858
Tata Power Charging Station,21.920673999999998,83.37071399999999,Odisha,,25.0
BPCL Charging Station,21.872868999999998,83.38834899999999,Odisha,,30.0
Ankush Vehicles,21.8485001,82.7791088,Odisha,,0.0
CharjKaro Charging Station,21.8069144,82.75252929999999,Odisha,,60.0
BPCL Charging Station,21.864104299999997,82.4621088,Odisha,,30.0
Electric Vehicle Charging Station,21.8833782,82.1504942,Odisha,,0.0
BPCL Charging Station,21.734158,81.535732,Odisha,,30.0
Jio-bp pulse Charging Station,21.592751,87.02058799999999,Odisha,,7.4
Jio-bp pulse Charging Station,21.5926108,87.0205579,Odisha,,7.4
Electric Vehicle Charging Station,21.593016600000002,87.02072849999999,Odisha,,0.0
Ather Grid Charging Station,21.481623,86.9069,Odisha,,1.100000023841858
Ather Charging Station,21.49872,86.93108,Odisha,,1.100000023841858
Electric Vehicle Charging Station,21.5746535,87.09849589999999,Odisha,,0.0
Tata Power Charging Station,21.479922,86.904904,Odisha,,30.0
Ather Charging Station,21.5064591,86.911091,Odisha,,1.100000023841858
Tata Power Charging Station,21.4978274,86.8896469,Odisha,,30.0
Tata Power Charging Station,21.548809,85.494006,Odisha,,7.400000095367432
Ather Grid Charging Station,21.6324613,85.5907884,Odisha,,1.100000023841858
Electric Vehicle Charging Station,21.5490869,85.49427089999999,Odisha,,0.0
Ather Charging Station,21.651429999999998,85.59394999999999,Odisha,,1.100000023841858
Ather Grid Charging Station,21.491887,83.9860082,Odisha,,1.100000023841858
Ather Grid Charging Station,21.467634,83.97726399999999,Odisha,,1.100000023841858
Tata Power Charging Station,21.5106163,84.00592019999999,Odisha,,30.0
Ather Charging Station,21.49525,83.97572,Odisha,,1.100000023841858
Tata Power Charging Station,21.501024899999997,83.89131309999999,Odisha,,30.0
BPCL Charging Station,21.494135,83.98228999999999,Odisha,,30.0
Jio-bp,21.6326653,82.15920369999999,Odisha,,7.4
Jio-bp,21.550269999999998,81.94745999999999,Odisha,,7.4
Ather Grid Charging Station,21.51608,81.69389,Odisha,,1.100000023841858
PRATIK E RICKSHAW,21.7025644,81.5427175,Odisha,,0.0
Ather Grid Charging Station,21.697687,81.54614,Odisha,,1.100000023841858
Tata Power Charging Station,21.63401,81.62389,Odisha,,30.0
BPCL Charging Station,21.5166085,81.69392789999999,Odisha,,30.0
Jio-bp pulse Charging Station,21.317263999999998,86.725105,Odisha,,7.4
Electric Vehicle Charging Station,21.2845369,86.67497949999999,Odisha,,0.0
BPCL Charging Station,21.3825286,86.79633,Odisha,,30.0
BPCL Charging Station,21.358081,86.78445099999999,Odisha,,30.0
Electric Vehicle Charging Station,21.2216615,86.1190697,Odisha,,0.0
Ather Grid Charging Station,21.200249,86.12389,Odisha,,1.100000023841858
BPCL Charging Station,21.3652959,83.7440391,Odisha,,30.0
BPCL Charging Station,21.314256999999998,83.45897819999999,Odisha,,30.0
BPCL Charging Station,21.312703799999998,83.3128902,Odisha,,30.0
BPCL Charging Station,21.314738,83.30917099999999,Odisha,,30.0
Adani Charging Station,21.296246,82.921301,Odisha,,3.299999952316284
Ather Grid Charging Station,21.323919999999998,81.7012,Odisha,,1.1
Electric Vehicle Charging Station,21.202065599999997,81.9192961,Odisha,,0.0
BPCL Charging Station,21.205784500000004,81.872112,Odisha,,30.0
Jio-bp,21.302802699999997,81.7368091,Odisha,,7.4
Electric Vehicle Charging Station,21.2182526,81.6301313,Odisha,,0.0
NIKOL EV Charging Station,21.3173134,81.63971839999999,Odisha,,0.0
Tata Power Charging Station,21.2377887,81.6896835,Odisha,,30.0
BPCL Charging Station,21.2495941,81.523425,Odisha,,30.0
Jio-bp,21.341343,81.429919,Odisha,,7.4
BPCL Charging Station,21.364805999999998,81.66376439999999,Odisha,,30.0
Ather Grid Charging Station,21.2416455,81.4959004,Odisha,,1.100000023841858
BPCL Charging Station,21.335393999999997,81.62172699999999,Odisha,,30.0
Tata Power Charging Station,21.2404095,81.6577801,Odisha,,7.4
Ather Grid Charging Station,21.2444126,81.607608,Odisha,,1.1
BPCL Charging Station,21.315832999999998,81.639605,Odisha,,30.0
Laxmi E Bike Solution,21.2346227,81.6644444,Odisha,,0.0
Ather Grid Charging Station,21.2404001,81.6029695,Odisha,,1.100000023841858
BPCL Charging Station,21.24332,81.579622,Odisha,,30.0
Electric Vehicle Charging Station,21.2350671,81.6309002,Odisha,,70.0
Ather Charging Station,21.244000399999997,81.6347188,Odisha,,1.1
Ather Charging Station,21.225600999999997,81.6560523,Odisha,,1.100000023841858
Tata Power Charging Station,21.255368300000004,81.62945309999999,Odisha,,7.400000095367432
Ather Grid Charging Station,21.2402071,81.6843083,Odisha,,1.100000023841858
Ola Charging Station,21.2395532,81.67767140000001,Odisha,,30.0
Bolt.Earth,21.0984032,86.52668419999999,Odisha,,7.4
Ather Grid Charging Station,21.071771,86.49831999999999,Odisha,,1.100000023841858
Jio-bp pulse Charging Station,21.070288100000003,86.4970845,Odisha,,7.4
Jio-bp pulse Charging Station,20.9758779,86.4012231,Odisha,,7.4
Tata Power Charging Station,21.069810000000004,86.496256,Odisha,,30.0
Ather Grid Charging Station,21.104305,86.532646,Odisha,,1.1
Ather Grid Charging Station,20.9362048,86.1646624,Odisha,,1.100000023841858
Tata Power Charging Station,20.918958699999997,86.2169684,Odisha,,25.0
Electric Vehicle Charging Station,20.986724199999998,85.98919599999999,Odisha,,0.0
Tata Power Charging Station,20.9502562,85.989753,Odisha,,7.4
BPCL Charging Station,21.068530799999998,82.3617326,Odisha,,30.0
EESL Charging Station,21.163620599999998,81.78835800000002,Odisha,,0.0
Tata Power Charging Station,21.161282099999998,81.796672,Odisha,,7.4
EESL Charging Station,21.161336799999997,81.7964476,Odisha,,0.0
BPCL Charging Station,21.0784588,81.7518659,Odisha,,30.0
Ather Grid Charging Station,21.134089499999998,81.7723539,Odisha,,1.100000023841858
BPCL Charging Station,21.0435101,81.7320747,Odisha,,30.0
Om sai corporation e rickshaw,21.047829399999998,81.53317779999999,Odisha,,0.0
Electric Vehicle Charging Station,21.035982,81.54613220000002,Odisha,,0.0
Electric Vehicle Charging Station,21.0161093,81.7029005,Odisha,,0.0
Hindustan Petroleum Corporation Limited,20.838154,86.30842299999999,Odisha,,0.0
Ather Grid Charging Station,20.703937099999997,86.1341964,Odisha,,1.100000023841858
Jio-bp pulse Charging Station,20.752399,86.150857,Odisha,,7.4
Electric Vehicle Charging Station,20.6581671,86.11731379999999,Odisha,,0.0
Ampere EV by Greaves - Green Wheels,20.694237899999997,86.1328793,Odisha,,0.0
BPCL Charging Station,20.656229,86.112809,Odisha,,30.0
Ather Grid Charging Station,20.669519899999997,85.5922933,Odisha,,1.100000023841858
Jio-bp,20.8014756,85.5434702,Odisha,,7.4
Tata Power Charging Station,20.8317557,85.24166029999999,Odisha,,25.0
Thunder Plus Charging Station,20.8317352,85.2416586,Odisha,,15.0
Tata Power Ez Charging Station,20.832793199999998,85.23828859999999,Odisha,,30.0
Ather Grid Charging Station,20.832794,85.085236,Odisha,,1.100000023841858
Tata Power Charging Station,20.8450685,85.1162026,Odisha,,7.400000095367432
Hindustan Petroleum Corporation Limited Charging Station,20.8235109,85.0620926,Odisha,,30.0
Hindustan Petroleum Corporation Limited,20.8234079,85.06204989999999,Odisha,,0.0
Jio-bp,20.80489,84.03399,Odisha,,7.4
Electric Vehicle Charging Station,20.857754099999998,83.94418209999999,Odisha,,0.0
Electric Vehicle Charging Station,20.8471861,83.89413499999999,Odisha,,0.0
Tata Power Charging Station,20.7425344,81.5791428,Odisha,,30.0
BPCL Charging Station,20.817085,81.68281019999999,Odisha,,30.0
Ather Grid Charging Station,20.5307153,86.3579333,Odisha,,1.100000023841858
kesannager electric office,20.4209459,86.0903038,Odisha,,0.0
Adani Charging Station,20.482358899999998,86.0581588,Odisha,,7.4
Tata Power Charging Station,20.3702497,85.8909745,Odisha,,25.0
Ather Grid Charging Station,20.491885999999997,85.93527,Odisha,,1.1
Ather Grid Charging Station,20.4791192,85.8398223,Odisha,,1.1
Tata Power Charging Station,20.529315999999998,85.949237,Odisha,,25.0
Ather Grid Charging Station,20.453737,85.88848999999999,Odisha,,1.100000023841858
Electric Vehicle Charging Station,20.4116317,85.8794133,Odisha,,0.0
Tata Power Charging Station,20.481787,85.81721300000001,Odisha,,25.0
Ather Grid Charging Station,20.4497938,85.8982001,Odisha,,1.1
Ather Grid Charging Station,20.469631,85.85469,Odisha,,1.100000023841858
Ather Grid Charging Station,20.460117,85.88938,Odisha,,1.100000023841858
Ather Grid Charging Station,20.442349999999998,85.90481,Odisha,,1.1
Bal Gopal Motors,20.4551603,85.88665549999999,Odisha,,0.0
Ather Charging Station,20.446043,85.9069427,Odisha,,1.1
Ather Grid Charging Station,20.4660615,85.9053606,Odisha,,1.1
Ather Grid Charging Station,20.474403,85.84479979999999,Odisha,,1.100000023841858
Tata Power Charging Station,20.4051611,85.8798077,Odisha,,25.0
Jio-bp pulse Charging Station,20.5506603,85.774418,Odisha,,7.4
Ather Grid Charging Station,20.4621758,85.8837439,Odisha,,1.100000023841858
Jio-bp pulse EV Charging Station,20.3770148,85.8893793,Odisha,,7.4
Hindustan Petroleum Corporation Limited,20.5512697,85.98549589999999,Odisha,,0.0
Hindustan Petroleum Corporation Limited,20.289510099999998,86.6453834,Odisha,,0.0
Tata Power Charging Station,20.307243,86.320751,Odisha,,25.0
Ather Grid Charging Station,20.260697399999998,86.20164369999999,Odisha,,1.100000023841858
BPCL Charging Station,20.193901,85.85999199999999,Odisha,,30.0
Electric Vehicle Charging Station,20.289134999999998,85.8152489,Odisha,,0.0
Ather Grid Charging Station,20.315431999999998,85.82054,Odisha,,1.100000023841858
Adani Charging Station,20.3570179,85.88882029999999,Odisha,,60.0
Ather Grid Charging Station,20.256187,85.78683749999999,Odisha,,1.100000023841858
Ather Grid Charging Station,20.2614172,85.84389929999999,Odisha,,1.100000023841858
Tata Power Charging Station,20.299550099999998,85.8309735,Odisha,,30.0
Statiq Charging Station,20.2914763,85.8560122,Odisha,,60.0
Ather Grid Charging Station,20.2669537,85.8694239,Odisha,,1.100000023841858
Ather Charging Station,20.2640837,85.8457679,Odisha,,1.100000023841858
Statiq Charging Station,20.245772,85.78304299999999,Odisha,,22.0
Tata Power Charging Station,20.259014,85.8397059,Odisha,,30.0
Ather Grid Charging Station,20.2710386,85.7838293,Odisha,,1.1
Ather Grid Charging Station,20.2986351,85.8227086,Odisha,,1.100000023841858
Adani Charging Station,20.2529878,85.81877899999999,Odisha,,60.0
Ather Charging Station,20.2476107,85.8409846,Odisha,,1.1
Ather Grid Charging Station,20.283109,85.80601109999999,Odisha,,1.100000023841858
BPCL Charging Station,20.25473,85.787241,Odisha,,30.0
Tata Power Charging Station,20.2269974,85.841081,Odisha,,25.0
Ola Electric Mobility Charging Station,20.2573761,85.84097299999999,Odisha,,1.5
DiodeEV Charging Station,20.227714799999998,85.73563039999999,Odisha,,0.0
Statiq Charging Station,20.205643,85.644066,Odisha,,60.0
Tata Power Charging Station,20.241180099999998,85.75915549999999,Odisha,,25.0
Tata Power Charging Station,20.238165,85.75664300000001,Odisha,,25.0
Kazam Charging Station,20.2555141,85.6866637,Odisha,,7.4
Thunder Plus Charging Station,20.242777999999998,85.75611699999999,Odisha,,15.0
Kazam Charging Station,20.253022299999998,85.6869698,Odisha,,3.299999952316284
Kazam Charging Station,20.254699199999997,85.6867814,Odisha,,3.299999952316284
Tata Power Charging Station,20.230607799999998,85.7376707,Odisha,,60.0
Tata Power Charging Station,20.2407436,85.7590281,Odisha,,7.4
Electric Vehicle Charging Station,20.223618,85.726762,Odisha,,30.0
Electric Vehicle Charging Station,20.1939131,85.65214879999999,Odisha,,0.0
Ather Grid Charging Station,20.178873,85.61153,Odisha,,1.100000023841858
Hindustan Petroleum Corporation Limited,20.154535799999998,85.0637881,Odisha,,0.0
Jio-bp,20.141301,83.968362,Odisha,,7.4
Electric Vehicle Charging Station,20.2027864,82.936256,Odisha,,0.0
BPCL Charging Station,20.3013862,82.7516433,Odisha,,30.0
"MIRZA RIYAZ HOUSE , CONNON XEROX SERVICE CENTRE,",20.0299963,86.13191499999999,Odisha,,0.0
Jio-bp pulse Charging Station,20.036226000000003,85.825447,Odisha,,7.4
Jio-bp pulse Charging Station,19.981225700000003,85.8251193,Odisha,,7.4
Ather Charging Station,20.001994,85.8205414,Odisha,,1.100000023841858
Ather Grid Charging Station,19.913864,85.98975,Odisha,,1.100000023841858
Electric Vehicle Charging Station,20.0089777,85.8138496,Odisha,,0.0
BPCL Charging Station,20.0090935,85.81383199999999,Odisha,,30.0
Tata Power Charging Station,19.8373153,85.8366266,Odisha,,3.299999952316284
Hindustan Petroleum Corporation Limited,19.887408999999998,85.803106,Odisha,,0.0
Ather Grid Charging Station,19.864923,85.66566999999999,Odisha,,1.100000023841858
Tata Power Charging Station,19.9604389,85.4336031,Odisha,,25.0
BPCL Charging Station,19.995597,85.479968,Odisha,,30.0
Hindustan Petroleum Corporation Limited,19.9901672,85.4736527,Odisha,,0.0
Ather Grid Charging Station,19.924364,84.57135,Odisha,,1.100000023841858
Jio-bp,20.038907,84.63856899999999,Odisha,,7.4
Tata Power Charging Station,19.924915,83.174075,Odisha,,25.0
Electric Vehicle Charging Station,20.0887924,82.36210489999999,Odisha,,100.0
G.K Rickshaw,19.8134808,85.8362997,Odisha,,0.0
Ather Grid Charging Station,19.7952607,85.8132809,Odisha,,1.100000023841858
KACHERI SECTION TPCODL,19.802419699999998,85.8239399,Odisha,,0.0
Relux Charging Station,19.790746199999997,85.8030868,Odisha,,30.0
Electric Vehicle Charging Station,19.718937999999998,85.5235713,Odisha,,0.0
Ather Grid Charging Station,19.799158,85.664566,Odisha,,1.100000023841858
Ather Grid Charging Station,19.71935,85.52448679999999,Odisha,,1.100000023841858
Jio-bp pulse Charging Station,19.678549999999998,85.171409,Odisha,,7.4
Tata Power Charging Station,19.6782474,85.1714786,Odisha,,30.0
Adani Charging Station,19.6331555,85.1353263,Odisha,,7.4
BPCL Charging Station,19.749316,85.20759799999999,Odisha,,60.0
Jio-bp,19.731375,83.479141,Odisha,,7.4
Tata Power Charging Station,19.652452999999998,82.225619,Odisha,,30.0
Ather Grid Charging Station,19.31151,84.83354,Odisha,,1.100000023841858
Ather Grid Charging Station,19.34123,84.76845,Odisha,,1.100000023841858
Ather Grid Charging Station,19.324255,84.87503,Odisha,,1.100000023841858
Electric Vehicle Charging Station,19.3171717,84.7772474,Odisha,,0.0
Electric Vehicle Charging Station,19.3071386,84.8292277,Odisha,,0.0
Electric Vehicle Charging Station,19.3194175,84.7844863,Odisha,,0.0
Ather Grid Charging Station,19.308462,84.77319,Odisha,,1.1
Ather Grid Charging Station,19.301503999999998,84.83013,Odisha,,1.1
Ather Grid Charging Station,19.306037999999997,84.78173,Odisha,,1.100000023841858
Tata Power Charging Station,19.315210999999998,84.85814400000001,Odisha,,25.0
Ather Grid Charging Station,19.31608,84.85278,Odisha,,1.100000023841858
Ather Grid Charging Station,19.30744,84.81665,Odisha,,1.1
Electric Vehicle Charging Station,19.3176997,84.79058359999999,Odisha,,0.0
Ather Grid Charging Station,19.32163,84.86715,Odisha,,1.100000023841858
Ather Grid Charging Station,19.319885,84.78112999999999,Odisha,,1.100000023841858
Ather Grid Charging Station,19.2956471,84.81956579999999,Odisha,,1.1
BPCL Charging Station,19.334626999999998,84.768619,Odisha,,30.0
Ather Charging Station,19.3057277,84.7817268,Odisha,,1.100000023841858
Ather Grid Charging Station,19.303380999999998,84.79504399999999,Odisha,,1.1
Tata Power Charging Station,19.2991714,84.83176309999999,Odisha,,7.4
Maa Tara Tarini Tour And Travels,19.447535,84.591458,Odisha,,0.0
Electric Vehicle Charging Station,19.180775999999998,84.725327,Odisha,,30.0
Ather Grid Charging Station,19.268919999999998,84.77745,Odisha,,1.100000023841858
BPCL Charging Station,19.183324000000002,84.727616,Odisha,,30.0
Ather Grid Charging Station,19.194212,84.61756,Odisha,,1.100000023841858
Ather Grid Charging Station,18.845465,84.50309999999999,Odisha,,1.100000023841858
DIMILI VILLAGE,18.802062499999998,83.9918125,Odisha,,0.0
Electric Vehicle Charging Station,18.7689167,83.4215387,Odisha,,0.0
Tata Power Charging Station,18.8582131,82.5899051,Odisha,,30.0
BPCL Charging Station,18.84732,82.56517099999999,Odisha,,30.0
Ather Grid Charging Station,18.606023999999998,84.22991499999999,Odisha,,1.100000023841858
Tata Power Charging Station,18.534753,83.651339,Odisha,,30.0
okinawa electric scooter,18.597046499999998,83.7640945,Odisha,,0.0
Electric Vehicle Charging Station,18.6104394,83.39922849999999,Odisha,,0.0
Tata Power Charging Station,18.503509299999997,83.2469705,Odisha,,30.0
Jio-bp,18.7012078,82.879837,Odisha,,7.4
Ather Grid Charging Station,18.295932999999998,83.893148,Odisha,,1.1
Jio-bp pulse Charging Station,18.3262791,83.941268,Odisha,,7.4
Tata Power Charging Station,18.3243588,83.9391102,Odisha,,25.0
DK MOTORS,18.322673599999998,83.893722,Odisha,,0.0
Urzza Charging Station,18.424328499999998,84.04802459999999,Odisha,,0.0
Ather Energy Charging Station,18.309545999999997,83.91882,Odisha,,1.100000023841858
Voltran Charging Station,18.3004408,83.8711628,Odisha,,0.0
Jio-bp,18.289378,83.914594,Odisha,,7.4
Ather Grid Charging Station,18.2791756,83.5261386,Odisha,,1.1
AtherGrid Charging Station,18.337203799999997,82.87792549999999,Odisha,,1.100000023841858
Ather Grid Charging Station,18.3225938,82.8776518,Odisha,,1.100000023841858
Charzer Charging Station,18.295865199999998,82.9144748,Odisha,,0.0
Electric Vehicle Charging Station,18.3137141,82.8937424,Odisha,,7.400000095367432
Tata Power Charging Station,18.139519,83.617595,Odisha,,30.0
Jio-bp pulse Charging Station,18.1499177,83.6353106,Odisha,,7.4
Tata Power Charging Station,18.173032,83.676949,Odisha,,30.0
JoulePoint Charging Station,18.0418515,83.50972209999999,Odisha,,0.0
Bolt.Earth Charging Station,18.0203857,83.4020948,Odisha,,7.4
Ather Grid Charging Station,18.0565007,83.3971128,Odisha,,1.100000023841858
Electric Vehicle Charging Station,18.057097199999998,83.39718810000001,Odisha,,0.0
ParkNConnect Charging Station,18.092801599999998,83.3884047,Odisha,,0.0
Ather Grid Charging Station,18.080786,83.38528,Odisha,,1.100000023841858
Hindustan Petroleum Corporation Limited Charging Station,17.9524227,83.4163581,Odisha,,30.0
Ather Grid Charging Station,18.0801438,83.38535089999999,Odisha,,1.100000023841858
Hindustan Petroleum Corporation Limited,17.952420999999998,83.416311,Odisha,,0.0
Tata Power Charging Station,17.957767699999998,83.1773604,Odisha,,30.0
Ather Grid Charging Station,18.116682,83.13772,Odisha,,1.100000023841858
Tata Power Charging Station,17.957767699999998,83.1773604,Odisha,,30.0
Ather Grid Charging Station,18.116682,83.13772,Odisha,,1.100000023841858
BPCL Charging Station,19.995597,85.479968,Odisha,,30.0
Hindustan Petroleum Corporation Limited,19.9901672,85.4736527,Odisha,,7.4
Ather Grid Charging Station,19.924364,84.57135,Odisha,,1.100000023841858
Jio-bp,20.038907,84.63856899999999,Odisha,,7.4
Tata Power Charging Station,19.924915,83.174075,Odisha,,25.0
Electric Vehicle Charging Station,20.0887924,82.36210489999999,Odisha,,100.0
G.K Rickshaw,19.8134808,85.8362997,Odisha,,7.4
Ather Grid Charging Station,19.7952607,85.8132809,Odisha,,1.100000023841858
KACHERI SECTION TPCODL,19.802419699999998,85.8239399,Odisha,,7.4
Relux Charging Station,19.790746199999997,85.8030868,Odisha,,30.0
Electric Vehicle Charging Station,19.718937999999998,85.5235713,Odisha,,7.4
Ather Grid Charging Station,19.799158,85.664566,Odisha,,1.100000023841858
Ather Grid Charging Station,19.71935,85.52448679999999,Odisha,,1.100000023841858
Jio-bp pulse Charging Station,19.678549999999998,85.171409,Odisha,,7.4
Tata Power Charging Station,19.6782474,85.1714786,Odisha,,30.0
Adani Charging Station,19.6331555,85.1353263,Odisha,,7.4
BPCL Charging Station,19.749316,85.20759799999999,Odisha,,60.0
Jio-bp,19.731375,83.479141,Odisha,,7.4
Tata Power Charging Station,19.652452999999998,82.225619,Odisha,,30.0
Ather Grid Charging Station,19.31151,84.83354,Odisha,,1.100000023841858
Ather Grid Charging Station,19.34123,84.76845,Odisha,,1.100000023841858
Ather Grid Charging Station,19.324255,84.87503,Odisha,,1.100000023841858
Electric Vehicle Charging Station,19.3171717,84.7772474,Odisha,,7.4
Electric Vehicle Charging Station,19.3071386,84.8292277,Odisha,,7.4
Electric Vehicle Charging Station,19.3194175,84.7844863,Odisha,,7.4
Ather Grid Charging Station,19.308462,84.77319,Odisha,,7.4
Ather Grid Charging Station,19.301503999999998,84.83013,Odisha,,7.4
Ather Grid Charging Station,19.306037999999997,84.78173,Odisha,,1.100000023841858
Tata Power Charging Station,19.315210999999998,84.85814400000001,Odisha,,25.0
Ather Grid Charging Station,19.31608,84.85278,Odisha,,1.100000023841858
Ather Grid Charging Station,19.30744,84.81665,Odisha,,7.4
Electric Vehicle Charging Station,19.3176997,84.79058359999999,Odisha,,7.4
Ather Grid Charging Station,19.32163,84.86715,Odisha,,1.100000023841858
Ather Grid Charging Station,19.319885,84.78112999999999,Odisha,,1.100000023841858
Ather Grid Charging Station,19.2956471,84.81956579999999,Odisha,,7.4
BPCL Charging Station,19.334626999999998,84.768619,Odisha,,7.4
Ather Charging Station,19.3057277,84.7817268,Odisha,,1.100000023841858
Ather Grid Charging Station,19.303380999999998,84.79504399999999,Odisha,,7.4
Tata Power Charging Station,19.2991714,84.83176309999999,Odisha,,7.4
Maa Tara Tarini Tour And Travels,19.447535,84.591458,Odisha,,7.4
Electric Vehicle Charging Station,19.180775999999998,84.725327,Odisha,,30.0
Ather Grid Charging Station,19.268919999999998,84.77745,Odisha,,1.100000023841858
BPCL Charging Station,19.183324000000002,84.727616,Odisha,,30.0
Ather Grid Charging Station,19.194212,84.61756,Odisha,,1.100000023841858
Ather Grid Charging Station,18.845465,84.50309999999999,Odisha,,1.100000023841858
DIMILI VILLAGE,18.802062499999998,83.9918125,Odisha,,7.4
Electric Vehicle Charging Station,18.7689167,83.4215387,Odisha,,7.4
Tata Power Charging Station,18.8582131,82.5899051,Odisha,,30.0
BPCL Charging Station,18.84732,82.56517099999999,Odisha,,30.0
Ather Grid Charging Station,18.606023999999998,84.22991499999999,Odisha,,1.100000023841858
Tata Power Charging Station,18.534753,83.651339,Odisha,,30.0
okinawa electric scooter,18.597046499999998,83.7640945,Odisha,,7.4
Electric Vehicle Charging Station,18.6104394,83.39922849999999,Odisha,,7.4
Tata Power Charging Station,18.503509299999997,83.2469705,Odisha,,30.0
Jio-bp,18.7012078,82.879837,Odisha,,7.4
Ather Grid Charging Station,18.295932999999998,83.893148,Odisha,,7.4
Jio-bp pulse Charging Station,18.3262791,83.941268,Odisha,,7.4
Tata Power Charging Station,18.3243588,83.9391102,Odisha,,25.0
DK MOTORS,18.322673599999998,83.893722,Odisha,,7.4
Urzza Charging Station,18.424328499999998,84.04802459999999,Odisha,,7.4
Ather Energy Charging Station,18.309545999999997,83.91882,Odisha,,1.100000023841858
Voltran Charging Station,18.3004408,83.8711628,Odisha,,7.4
Jio-bp,18.289378,83.914594,Odisha,,7.4
Ather Grid Charging Station,18.2791756,83.5261386,Odisha,,7.4
AtherGrid Charging Station,18.337203799999997,82.87792549999999,Odisha,,1.100000023841858
Ather Grid Charging Station,18.3225938,82.8776518,Odisha,,1.100000023841858
Charzer Charging Station,18.295865199999998,82.9144748,Odisha,,7.4
Electric Vehicle Charging Station,18.3137141,82.8937424,Odisha,,7.400000095367432
Tata Power Charging Station,18.139519,83.617595,Odisha,,30.0
Jio-bp pulse Charging Station,18.1499177,83.6353106,Odisha,,7.4
Tata Power Charging Station,18.173032,83.676949,Odisha,,30.0
JoulePoint Charging Station,18.0418515,83.50972209999999,Odisha,,7.4
Bolt.Earth Charging Station,18.0203857,83.4020948,Odisha,,7.4
Ather Grid Charging Station,18.0565007,83.3971128,Odisha,,1.100000023841858
Electric Vehicle Charging Station,18.057097199999998,83.39718810000001,Odisha,,7.4
ParkNConnect Charging Station,18.092801599999998,83.3884047,Odisha,,7.4
Ather Grid Charging Station,18.080786,83.38528,Odisha,,1.100000023841858
Hindustan Petroleum Corporation Limited Charging Station,17.9524227,83.4163581,Odisha,,30.0
Ather Grid Charging Station,18.0801438,83.38535089999999,Odisha,,1.100000023841858
Hindustan Petroleum Corporation Limited,17.952420999999998,83.416311,Odisha,,7.4
Tata Power Charging Station,17.957767699999998,83.1773604,Odisha,,30.0
Ather Grid Charging Station,18.116682,83.13772,Odisha,,1.100000023841858
Jio-bp,18.289378,83.914594,Odisha,,7.4
Royal Drive EVCS,8.503495480028349,76.91166164075435,Kerala,Venpalavattom,80.0
Poovar PNT EVCS,8.315968832633814,77.09035464903081,Kerala,Kulathoor,80.0
Ayyappa EVCS,9.478662771564018,76.84487199188538,Kerala,Erumely,30.0
Adimali Rangers,10.014144203609249,76.94382996626405,Kerala,Adimali,80.0
Hill View EVCS,10.069936650612604,77.0609419438648,Kerala,Munnar,90.0
Cargo Auto Hub EVCS,9.702761974968482,76.72119375310945,Kerala,Bharananganam,90.0
Minerva EVCS,9.69257642934194,76.5596900481155,Kerala,Ettumanoor,60.0
Savoi Complex EVCS,9.86134074552723,76.59599011191699,Kerala,Koothattukulam,80.0
Haridwar EVCS,9.872065277160488,76.5961145873373,Kerala,Koothattukulam,60.0
Pattakulam EV Super Charging Station,10.058637624098736,76.65237791798609,Kerala,Kothamangalam,90.0
Eco Park EVCS,10.068236156628487,76.38681352633876,Kerala,Pukkattupady,80.0
Yash Square EVCS,10.110574970248052,76.3728727396483,Kerala,Aluva,60.0
Ie.On EVCS,10.088670267690219,76.42441988441647,Kerala,Vazhakkulam,90.0
JP Complex EVCS,10.111540536058044,76.47892756655858,Kerala,Perumbavoor,80.0
Electro Spark EVCS,10.163080637651007,76.48721724799293,Kerala,Perumbavoor,90.0
Smartvolt EVCS,10.168792563403002,76.4347441321296,Kerala,Kalady,60.0
Chendamangalam Combined Energy,10.164520762160521,76.23328993057385,Kerala,Chendamangalam,30.0
Ideal EV Super Charging Station,10.149223784894389,76.22650589996533,Kerala,North Paravur,80.0
rajeEVam EVCS,10.203141262774878,76.20040094604155,Kerala,Kodungallur,60.0
Nellikkunnu Snopcap EVCS,10.512140095131329,76.24889620718966,Kerala,Nellikkunnu,7.4
Chavakkad Golden Tower EVCS,10.64297240272117,75.98558047526978,Kerala,Punnayur,80.0
Guruvayoor Sreeja EVCS,10.593309833570416,76.03739687984421,Kerala,Guruvayur,90.0
Swathi EVCS,10.611860183538624,76.68416479299663,Kerala,Kollengode,30.0
Hi - Span EVCS,10.819635717471755,76.8101969101815,Kerala,Pampampallam,80.0
Page EVCS,10.901221324645903,75.92541639232945,Kerala,Tirur,80.0
Dilkush EVCS,11.179791935422458,75.87213471284201,Kerala,Ramanattukara,60.0
Calicut Malabar Gold HQ EVCS,11.280481991240876,75.87910483208498,Kerala,Peruvayal,30.0
Kunnamangalam Little Flower EVCS,11.29802224355133,75.85300038713615,Kerala,Chelavoor,90.0
Lulu Mall EVCS,11.240854622601077,75.80269852324648,Kerala,Govindapuram,60.0
Iris Mall EVCS,11.446248437657204,75.83307969273824,Kerala,Balusseri,80.0
Elektron EVCS,11.5512536877674,75.74625710699922,Kerala,Perambra,60.0
Power Drive EV Supercharging Station,11.88139916175274,75.50131377392029,Kerala,Anjarakandy,60.0
Sreekandapuram Samudra EVCS,12.042528332541053,75.50983363960029,Kerala,Sreekandapuram,60.0
Tamar Cafe,12.606281841440776,74.93843823993836,Kerala,Kumbla,30.0
Sheraton Grand Chennai Resort,12.744285810719333,80.23928129928231,Tamil Nadu,Chennai,60.0
Four Points By Sheraton,12.613079212258143,80.16879623508567,Tamil Nadu,Mahabalipuram,60.0
Pondur - Oragadam,12.9274339889228,79.93416222500605,Tamil Nadu,Sriperumbudur,240.0
Fairfield By Marriott,12.932607263975811,79.90581636365982,Tamil Nadu,Sriperumbudur,60.0
Hotel Seasons,12.258660691700726,79.06838859499601,Tamil Nadu,Tiruvannamalai,30.0
Sugam Hospitality,11.812845967903257,79.41801965083755,Tamil Nadu,Arasur,240.0
Ashva Hyundai,11.26305138193004,78.89741317551022,Tamil Nadu,Elambalur,60.0
Kovai Hyundai,11.648355238581189,78.12020883197545,Tamil Nadu,Salem,60.0
Lotus Hyundai,11.045483552313343,76.98578975061423,Tamil Nadu,Coimbatore,60.0
Vetri Hyundai,10.74085676932485,79.10755813243168,Tamil Nadu,Thanjavur,60.0
Courtyard By Marriott,10.804353216764468,78.67725322133538,Tamil Nadu,Tiruchirappalli,60.0
Oxina Hyundai,10.79120739742136,78.65778447767138,Tamil Nadu,Tiruchirappalli,60.0
Surya's Veggie Restaurant,10.560668956103342,78.32180842129367,Tamil Nadu,Vaiyampatti,30.0
Sree Karpagamoorthy Automobiles,10.070078412437482,78.72750457905886,Tamil Nadu,Karaikudi,120.0
Veepees Bistro And Cafè,9.817119728793585,77.97834106844039,Tamil Nadu,Tirumangalam,60.0
M. S. Shanmuganadar Mattai Kadai,9.300003538238656,77.91565810874727,Tamil Nadu,Mettupatti,30.0
Popular Hyundai,10.502420240994908,76.2579822603825,Kerala,Thrissur,60.0
Indus EV Charging,12.259156611678947,75.1505298833124,Kerala,Nileshwaram,60.0
JBS Bistro Cafe,8.540251135444834,77.6695171019943,Tamil Nadu,Tirunelveli,30.0
Hydra Charging Station,10.71722242604902,77.55621379831837,Tamil Nadu,Dharapuram,60.0
Hydra Charging Station,10.996757801064945,77.00865211137602,Tamil Nadu,Singallur,60.0
Hydra Charging,11.052857748144802,76.94583684438237,Tamil Nadu,Coimbatore,60.0
Hydra Charging Station,11.318649525285707,76.92080873008081,Tamil Nadu,Mettupalayam,30.0
Cherumattathil Agencies,9.910471285998,76.36446384088367,Kerala,Udayamperoor,30.0
Keys Select Kochi,9.933191620753021,76.30004944680684,Kerala,Kochi,60.0
Lemon Tree Vembanad Lake Resort,9.619244355956297,76.37218582016601,Kerala,Muhamma,60.0
Key Select Thiruvananthapuram,8.494716714177173,76.95231017696483,Kerala,Thiruvananthapuram,60.0
Lemon Tree Hotel,8.493284029472079,76.95731609551763,Kerala,,60.0
KKOH,8.194502907329976,77.39441636405729,Tamil Nadu,Nagercoil,60.0
Regen Energy,10.666222948787706,76.11344399451855,Kerala,Kechery,80.0
Driftnatuon Food Court NH44,16.814493844888574,78.14832853615515,Telangana,,60.0
Driftnation Food Court NH44,16.81475506843826,78.14840023044755,Telangana,,60.0
SK Volt Hub Kovoor,11.268432385552984,75.83115597227672,Kerala,Kozhikode,60.0
NE-4 KFC Parking,27.73556257243409,76.98387710828884,Haryana,,120.0
Hotel Highway King,26.83003059112643,75.57120343985028,Rajasthan,,60.0
Old Rao Hotel,26.63638296566327,75.10221733386027,rajasthan,Dudu,30.0
Earthtron EV,27.56255202357048,76.07508906161235,Rajasthan,Paota,30.0
Earthtron EV,27.56255202357048,76.07508906161235,Rajasthan,Paota,30.0
Mannat,27.56240731948739,76.07497800868437,Rajasthan,Paota,180.0
Amrai Resort Tata.Ev,17.63735818944548,74.01217807085504,MH,Satara,120.0
Tata.Ev Vapi,20.38011025856339,72.9144548806346,Gujarat ,Vapi,120.0
BPCL EV Dharamshala Road,32.21450538531376,76.31693962970235,Himachal Pradesh,Dharamshala ,60.0
Bundelkhand Expressway 188 Km Rest Area,26.33694245728,79.37007254737911,Uttar Pradesh,,240.0
Bundelkhand Expressway Chitrakoot Toll,25.252444564396335,80.74364419320561,Uttar Pradesh,,240.0
JIO-BP Pulse,18.82290770769148,78.32172267909633,Telangana,Armoor,60.0
NH44,15.886334147441593,78.01636638843978,Telangana,,240.0
Sai Restaurant & Cafe,17.22435243142344,74.18016473328942,Maharashtra ,Narayanwadi,60.0
Ishyu Restaurant Jetcharge,24.89141834594497,75.96482113417042,Rajasthan,,120.0
Al Ameemi Fast Charging Station,12.105660473422844,75.21173432031628,Kerala,Payyanur,40.0
EQ TP Power | Vellur,12.149897992825927,75.2126366440724,Kerala,Vellur,30.0
EQ Sprinkle EVCS | Thaliparamba,12.048654635370426,75.34628006166724,Kerala,Thaliparamba,40.0
Chirakkal Bank EVCS,11.91670441912386,75.35830443320492,Kerala,Chirakkal,30.0
VAN-V | EVOK | Panamaram,11.72574709855104,76.07767336604513,Kerala,Panamaram,60.0
JetEV Nest Developers | Kambalakkad,11.6678126676712,76.07946996948226,Kerala,Kamabalakkad,30.0
Ecozone EVCS | Ulliyeri,11.446514859247145,75.77262022445586,Kerala,Ulliyeri,30.0
Flash Charge EVCS | Thirivangoor,11.38212989549119,75.73661185868718,,Thirivangoor,25.0
Kairali EVCS | Vengalam,11.364746011174972,75.73944992877182,Kerala,Vengalam,60.0
EVM Citroen Calicut,11.30428542732038,75.75957892280337,Kerala,Kozhikode,30.0
Shakti | EVOK Charging Hub,11.257841246701844,75.81018791903341,Kerala,Kozhikode,90.0
EcoVolt EVCS | EVOK | Pantheerankavu,11.235354677733028,75.84566829942764,Kerala,Pantheerankavu,60.0
Bisluck Energy EVCS | Vattaparamba,11.16434134008496,75.96400736946612,Kerala,Edavannappara,60.0
Elite EVOK Charging Hub | Perinthalmanna,10.977749605167759,76.242862885499,Kerala,Perinthalmanna,60.0
Sam EVCV | Perinthalmanna,10.950358143496459,76.16323671441523,Kerala,Parinthalmanna,20.0
BP Angadi | EVOK | Tirur,10.886313623740861,75.93057433099898,Kerala,Tirur,30.0
EVee Buddy | Town Plug EVCS | Palakkad,10.76489386251312,76.65199428138283,Kerala,Palakkad,30.0
EVMOD EVCS | Pudussery,10.796990864937015,76.76440925644602,Kerala,Kanjikode,60.0
EVDay EVCS | Ottappalam | Manissery,10.777715299374591,76.34122770419708,Kerala,Ottappalam,45.0
K4 EV Fast Charging Station,10.705220458256875,76.0892676022388,Kerala,Kunnamkulam,60.0
VKJ | Flash Charge EVCS | Chettuva,10.521423220390915,76.05127900964453,Kerala,Chettuva,60.0
Duke Communications | Pazhuvil,10.416437872608014,76.1536747860506,Kerala,Pazhuvil,30.0
Amigo EV Charge Hub | Marygiri | Vadakkenchery,10.584055517894868,76.4358174230016,Kerala,Vadakkenchery,30.0
Turbo EV Charge Hub | Mannuthi Bypass,10.528605753564008,76.25562112844545,Kerala,Mannuthi,40.0
EVOK Charging Hub | Mannuthy,10.539559645990693,76.253916842178,Kerala,Mannuthi,30.0
M Star EVCS | Koorkenchery,10.511219802362845,76.21322686637518,Kerala,Thrissur,50.0
Irrai EVCS | Chalakka,10.155044701593752,76.28093391543848,Kerala,Chalakka,30.0
SK EVCS | Kizhakkambalam,10.036476395229997,76.41865034222911,Kerala,Kizhakkambalam,60.0
Jayalakshmi Silks EVCS | CAPGO | Vennala,10.003945576726636,76.3133535047184,Kerala,Vennala,60.0
Sunvolt DLF Riverside | Vyttila,9.959224022448979,76.31419020501517,Kerala,Vyttila,30.0
Flash EVCS | Kundannoor,9.938719980937563,76.31830915617024,Kerala,Kundannoor,30.0
Adithya Shree EVCS | Ponnamveli,9.74323198081818,76.31942862417168,Kerala,Cherthala,30.0
EVee Buddy | Mangalath EVCS | Mangalathunada,10.016772858051837,76.50315706545018,Kerala,Kolenchery,30.0
Kavalangad Service Bank EVCS | EVOK,10.059068578217918,76.68397959284152,Kerala,Nellimattom,60.0
EVOK Charging Station | Meenkunnam,9.935613467019522,76.57550196671468,Kerala,Meenkunnam,30.0
EVee Buddy | Vedas Energy EVCS | Ramapuram,9.796182731293456,76.66330810978661,Kerala,Ramapuram,80.0
Qwik Volt EVCS | Kothanalloor,9.718846765722049,76.52517369004113,Kerala,Ettumanoor,90.0
Nest Homestay EVOK | Adimali,10.017257943716487,77.00066031382221,Kerala,Adimali,30.0
EVee Buddy | Everest Hotel | Idukki,9.847466205348368,76.9809564366526,Kerala,Idukki,30.0
Flash Charge EVCS | Kattappana,9.750837650469535,77.10918575774053,Kerala,Kattappana,30.0
Flash Charge EVCS | Vagamon,9.688898073953794,76.90444842810166,Kerala,Vagamon,20.0
EV Point EVCS | Pala,9.71975234535428,76.69166294010688,Kerala,Pala,60.0
EQ ChargeMate | Naalumanikkattu,9.606083638734518,76.57615046762476,Kerala,Manarcadu,40.0
Sihla Energy EVCS | Pathanadu,9.50967457321012,76.69336074121975,Kerala,Pathanadu,60.0
EQ Charis EVCS | Cheeranchira,9.478424884249108,76.56147986042515,Kerala,Changanassery,30.0
Iongrid | Thuruthy,9.473794270373645,76.52851437737809,Kerala,Changanasseri,90.0
Zap N Go,9.4177052402365,76.48812051007178,Kerala,Kuttanadu,60.0
EVOK Charging Station | Thiruvalla,9.357343562392998,76.59062444761048,Kerala,Thiruvalla,80.0
Anupama EVCS | Pathiyoor,9.211019140228416,76.50314274183074,Kerala,Pathiyoor,30.0
EQ Kalayil EVCS | Adoor,9.147193176115792,76.73240138590631,Kerala,Adoor,30.0
Throw In Foodcourt | Karunagappalli,9.067236462385125,76.53588535115716,Kerala,Karunagappalli,30.0
Best EVCS | Karunagappalli,9.046108945574417,76.5366839442604,Kerala,Karunagapally,30.0
Panamthodil Bakers | Chavara,8.983229974793687,76.53477039800418,Kerala,Chavara,90.0
Panamthodil Bakers | Chavara,8.983229974793687,76.53477039800418,Kerala,Chavara,90.0
Pontoor EVCS | Fill Nxt | Kunnicode,9.026472181320997,76.851901085588,Kerala,Kunnicode,30.0
Gilgal EVCS | Fill Nxt | Valakom,8.962957682899102,76.83555763990444,Kerala,Valakom,30.0
M Square EVOK | Kureepuzha,8.921314624972311,76.57636971126544,Kerala,Kollam,50.0
AR Square EVCS | Kavalayoor,8.713974178521198,76.77971906925859,,Kavalayur,90.0
JKV Powern Hub EVCS | Palayam,8.500476045362007,76.95228964181433,Kerala,Thiruvananthapuram,90.0
JKV Powern Hub EVCS | Palayam,8.500476045362007,76.95228964181433,Kerala,Thiruvananthapuram,90.0
Chandra EVCS | Pettah,8.494429796646727,76.93007271012243,Kerala,Thiruvananthapuram,45.0
Illam Chacka,8.491842863574092,76.9201682008487,Kerala,Thriuvananthapuram,80.0
EV Park ECVS Kazhakkoottam | Karthika Park Hotel,8.572651965073888,76.87040125713293,Kerala,Thiruvananthapuram,90.0
EQ Future Mobility Thakkaram,8.578585530292187,76.86647624850741,Kerala,Thiruvananthapuram,20.0
Rest Area Mumbai - Vadodara Expressway,22.170156061343988,73.08761282093997,Gujarat,Saraswani,30.0
NE4 Eest Area Saraswani,22.180225932979837,73.08990857907611,Gujarat,Saraswani,30.0
Hotel Empire ChargeZone,20.740672958672647,73.0356012014945,Gujarat,Chikhli,60.0
Home,26.6975,91.8512,Assam,Hailakandi,24.0
Viraj Junction EFill EVCS,16.536666790073667,74.31995764262308,Karnataka,NH48,60.0
Tata Power Hotel Elite,26.838270570472844,80.85377711286401,Uttar Pradesh,Lucknow,30.0
Hotel Annapura,22.794234488352203,73.85882625545071,Gujarat,Piplod,60.0
Shree Kanha International Chargezone,23.386513324612196,75.05985128378688,Madhya Pradesh,Ratlam,60.0
KR RESORT,29.88678759214764,73.92823039326373,Rajasthan,Ganganagar,30.0
Tata PowerYamuna Expressway Mathura RHS,27.61204701128193,77.74185073192439,Uttar Pradesh,Yamuna Expressway ,120.0
Tata Power Yamuna Expressway Mathura Exit LHS,27.55039596637711,77.75506264207092,Uttar Pradesh,Yamuna Expressway,60.0
Statiq Jaypee Agra,27.153405340639026,78.07073593311952,Uttar Pradesh ,Agra,120.0
KR RESORT,29.88699156029739,73.92473793102454,Rajasthan,Ganganagar,30.0
ev,11.046407561050373,77.07956128281876,TAMILNADU,COIMBATORE,30.0
Charging station,12.960850473046193,77.58182473802742,Karnataka,,0.0
Midway Treat Khushi Inn Sakadehi Betul Hotel,21.997785954355106,77.86538182767944,Madhya Pradesh,,120.0
Rest Area Jio BP  RHS,26.378544178688983,76.25327630896135,Rajasthan,Bonli,60.0
Lakshya Water Park,25.162225667133868,76.1663600759789,Rajasthan,Kota District,30.0
 Chargezone Hotel Rangoli,21.038975778372475,72.9752654100723,GJ,Navsari,60.0
DME Bonli Jio BP LHS,26.377358016679594,76.25375666945047,RJ,Bonli,60.0
DME Garoth Rest Area RHS,24.345261626028034,75.67832329584303,MP,Garoth,60.0
Volttic Delhi Mumbai Expressway LHS Garoth,24.346875612361345,75.68155965704818,MP,Garoth,60.0
K2 Highway Treat & Resort,24.684684684684683,77.3373714921519,,Guna,60.0
Green Mountain Resort,24.54054054054054,77.20867783566665,Madhya Pradesh,Guna,60.0
Hotel Shivani,23.96396396396412,76.93830402560593,Madhya Pradesh,Biora,60.0
160kW GREEN ENERGY EV CHARGING STATION,9.437442172035318,76.54200920369158,Kerala,Changanassery,160.0
RK Mess & Restaurant,11.044939,78.055861,Tamil Nadu,Manmangalam,60.0
Aravai Aanandas,10.777439,77.920825,Tamil Nadu,Karur,60.0
VSB Auto Care,10.964214297245903,78.04655560696892,Tamil Nadu,Karur,60.0
AKR Textiles,10.963961710013322,78.0480420514914,Tamil Nadu,Karur,60.0
Volttic LHS DME,27.287131064283074,76.77469481284459,Rajasthan,Rajpura,60.0
Avantika Resort EV Cosmos,22.810459615604046,74.30068522366184,Gujarat,Dahod,60.0
Regenta Fairlark,22.287645146764476,73.13222578916577,Gujarat,Vadodara,60.0
EESL - Devinder Collections,28.633242086746723,77.22494621242714,New Dehi,New Delhi``,15.0
Regenta Fairlark Jio,22.288523232161836,73.13209856350943,GJ,Vadodara ,60.0
Hyundai EV Chg Stn Manor,19.67794066125505,72.90804616555647,MH,Manor,60.0
Shree Bihariji Filling Station,29.176436522821103,79.49640945838406,Uttarakhand,Haldwani,30.0
BPCL Royal Fuel Station,29.22417745217187,79.50104336869471,Uttarakhand,Haldwani,30.0
Fortune Walkway Mall,29.245389718988378,79.53597170568463,Uttarakhand,Haldwani,60.0
Bikanerwala Sweets Haldwani (Aargo),29.214919408875087,79.52798465647824,Uttarakhand,Haldwani,24.0
Bharat Petroleum - Janta Petrol Pump,29.18654205912064,79.52084262648205,Uttarakhand,Haldwani,0.0
Tata Power- Ginger Hotel Pantnagar,28.998167113138976,79.41578575985898,Uttarakhnad,Rudrapur,30.0
Ecoplug Radisson Blu Hotel,29.000382131496686,79.3998773770921,Uttarakhand,Rudrapur,118.0
BP-RUDRAPUR,28.994841574837153,79.40068624557932,Uttarakhand,Rudrapur,60.0
PREM SINGH & SONS (BPCL Charging Station),28.978596821134563,79.40045316567043,Uttarakhnad,Rudrapur,30.0
 Rudra Continental,28.9758485356967,79.38954231232401,Uttarakhand,Rudrapur,60.0
Sagar Tranport Company,28.931216494533412,79.51703689220533,Uttarakhand,Kichha,60.0
Yash Filling Station,28.870833636540105,79.51648005148428,Uttarakhand,Kichha,60.0
2012531-PRAKASH PETROLEUM,28.89269395171297,79.50956370102392,Uttarakhand,Kichha,30.0
GLIDA JANESHWAR MISHRA PARK ,26.837999215582457,80.98672704173009,UTTAR PRADESH ,LUCKNOW,1200.0
GLIDA LOHIA PARK,26.85721068820618,80.98223515437166,UTTAR PRADESH,LUCKNOW,120.0
Khajuraho Airport,24.810179062230326,79.91151232004376,MP,Khajuraho,60.0
Hotel Bundela,24.841217998336436,79.92095530109164,MP,Khajuraho,30.0
Cube Stop NH-44,21.91423639914423,79.52636658703716,MP,Mohgaon,120.0
Shashtri Nagar ,18.503925778446245,73.80373433483828,Maharashtra,Pune,1.0
Tata Power - Electric Vehicle Charging Station,29.163755,79.522706,Uttarakhand,Haldwani,25.0
FC - TataPower - TMSC Chandrani Enterprises,23.66383145481386,87.0578281055806,West Bengal,Asansol,25.0
FC - TataPower - Hotel Sumandeep,23.765173283966945,86.80574019219654,Jharkhand,Dhanbad,30.0
D N R Fuel Point,20.634269503751185,78.92731552499234,Maharashtra,,120.0
Green Garden Family Restaurant,24.012189825746717,86.03378565807299,Jharkhand,Dumri,25.0
Hotel Kantara Dine,13.06457377178711,77.25712516384169,Karnataka,Solur,30.0
Burger King,12.960134461557354,76.33023905539169,Karnataka ,Udayapura,120.0
Konnagar,21.65144351225736,87.65139955261463,west bengal,Kolkata,0.0
Jio-BP Pulse,13.6062729,77.7872747,,Yellagallahalli,60.0
Tata.ev Luxon Motors - Tata Power,10.011484735873452,76.31138749922593,Kerala,Edappally ,60.0
TML Sree Gokulam Motors - Tata Power,10.03915496555662,76.31555880759106,Kerala,Edappally,30.0
Tata.ev Gokulam Motors - Tata Power,10.081302790405843,76.33946199404113,Kerala,Choornikkara,60.0
Taj Cochin Internation Airport Hotel - Tata Power,10.159995038034907,76.39015421888632,Kerala,Nedumbassery ,30.0
SAJ Earth Resort - Tata Power,10.162224246244605,76.3846534973361,Kerala,Nedumbassery,30.0
Luxon Motors - Tata Power,10.162042049613518,76.36735603462671,Kerala,Kariyad,30.0
Sree Gokulam Motors - Tata Power,10.221060359476041,76.3767521330019,Kerala,Angamaly,30.0
Centro Mall Charging Station - Tata Power,10.232489483292568,76.19594022414185,Kerala,Kodungallur,30.0
IOCL Thiruvonam Fuels - Tata Power,10.769830981411019,76.6680965040648,Kerala,Palakkad,30.0
KVR Automotive - Tata Power,10.782258203557745,76.65824510709217,Kerala,Koppam,30.0
Gokulam Residency - Tata Power,10.436187097899406,76.2652058281742,Kerala,Amballur,25.0
Tata.ev Hyson Motors - Tata Power,10.496728474625243,76.25836131243113,Kerala,Thrissur,60.0
PCK Centenary,10.522940422798897,76.20624766653009,Kerala,Thrissur,30.0
TML Hyson Motors - Tata Power,10.540422993964356,76.18967782467394,Kerala,Thrissur,25.0
Hotel Gokulam Sabari - Tata Power,10.596356977075132,76.0429344292022,Kerala,Guruvayur,25.0
Shirdi,19.75759398843948,74.47634733215602,Maharashtra,Shirdi ,30.0
InFour Wheel Care And Tyres - Tata Power,10.960237966009913,76.23467881441366,Kerala,Perinthalmanna,25.0
TML KVR Automotive - Tata Power,10.984502724399704,76.18784701110644,Kerala,Perinthalmanna,30.0
IOCL Sigma Enterprises Charging Station - Tata Power,10.897914194795774,76.06100966592317,Kerala,Valanchery,30.0
AAK Mall,10.918580614575077,75.91779832596808,Kerala,Tirur,30.0
Tata.ev Store Malappuram,11.052515251663408,76.07764045262866,Kerala,Malappuram,60.0
A M Tyres Malappuram - Tata Power,11.060402531981708,76.08084415906978,Kerala,Malappuram,30.0
Hotel Gokulam Relax Park,11.118906106281457,76.11847374415197,Kerala,Manjeri,25.0
One Stop Automotive Cahrging Station - Tata Power,11.204146203983242,76.13673353482534,Kerala,Edavanna,60.0
Moto Town Auto Hub - Tata Power,11.223249596398574,76.216915246844,Kerala,Wandoor,30.0
IOCL Aaditya Petroleum Naduvath Charging Station - Tata Power,11.211054369500445,76.22468507295008,Kerala,Wandoor,30.0
Calicut Airport Charging Station - Tata Power,11.140292270314333,75.94831371133864,Kerala,Kondotty,60.0
TML Marina Motors - Tata Power,11.216965265185237,75.85795106094037,Kerala,Kozhikode,25.0
Rotana Motors Meenchanda - Tata Power,11.213908526645213,75.80263211133581,Kerala,Meenchanda,30.0
IOCL Lakshmi Sales & Service - Tata Power,11.233626863224842,75.80323852757283,Kerala,Kozhikode,30.0
Gokulam Galleria Mall - Tata Power,11.258465133509901,75.79290611849729,Kerala,Kozhikode,25.0
Hotel Hyson Heritage - Tata Power,11.259214498820043,75.77933452309298,Kerala,Kozhikode,25.0
Taj The Gateway Hotel - Tata Power,11.25868982319139,75.77397870788238,Kerala,Kozhikode,30.0
Taj The Gateway Hotel - Tata Power,11.259029053106843,75.77370839324391,Kerala,Kozhikode,7.4
IOCL Engapuzha Fuel - Tata Power,11.465050129739268,75.97017469880149,Kerala,Engapuzha,25.0
IOCl Balaji Petroleum - Tata Power,11.660943020691448,76.24002282400443,Kerala,Sulthan Bathery,30.0
Hotel Saugandhika Charging Station - Tata Power,11.6593282557467,76.20718522782687,Kerala,Meenangadi,60.0
TML Marina Motors Pvt. Ltd. Kalpetta - Tata Power,11.637352766290704,76.09468538005217,Kerala,Kalpetta,30.0
Taj Wayanad Resort and Spa- Tata Power,11.6576333638655,75.96043177655011,Kerala,Padinjarathara,30.0
KVR Dream Vehicles Thalassery - Tata Power,11.761734248724949,75.50906837861191,Kerala,Thalassery,30.0
IOCL - MK Petroleum - Tata Power,11.860150179085252,75.41434121644008,Kerala,Thazhe Chovva,30.0
KVR Dream Vehicles Service Centre - Tata Power,11.990685920762218,75.65802183107732,Kerala,Iritty,30.0
KVR Dream Vehicle - Tata Power,11.83285672150295,75.42644169657501,Kerala,Nadal,25.0
Tata.ev KVR Dreams Kannur - Tata Power,11.860830340847158,75.41186777793837,Kerala,Kannur ,30.0
KVR Dream Vehicles Service Center - Tata Power,12.120003262388039,75.21755451244977,Kerala,Payyanur,30.0
V-Net Shopping Complex - Tata Power,12.175048478868092,75.1934333250936,Kerala,Payyannur,30.0
Taj Bekkal - Tata Power,12.42338327765249,75.01475480358593,Kerala,Bekkal,7.4
TML KVR Dream Vehicles EVCS - Tata Power,12.513454412772603,75.02712293765927,Kerala,Kasaragod,30.0
IOCL Top Fuels Karanthakkad Charging Station - Tata Power,12.509407895012473,74.98611113925955,Kerala,Kasaragod,30.0
Eco Charge Hub - GO EC,8.353208648493009,77.05379011708595,Kerala,Thiruvananthapuram ,60.0
Rajco EVCS - GO EC,8.394252774929768,77.08872897393405,Kerala,Neyyattinkara,30.0
Appolo Dimora Hotel EVCS - GO EC,8.48866100741148,76.95075167233603,Kerala,Thiruvananthapuram ,30.0
Lulu International Mall EVCS - GO EC,8.515262881600336,76.89815843780872,Kerala,Thiruvananthapuram ,60.0
Trivandrum UST Campus EVCS - GO EC,8.539993047929073,76.88442500297742,Kerala,Thiruvananthapuram ,7.4
Karthika Residency Hotel EVCS - GO EC,8.728845866034803,76.89844751364274,Kerala,Karette,80.0
KKP Renewables EVCS - GO EC,8.734523377793522,76.89801647227131,Kerala,Karette,30.0
Aeron EVCS - GO EC,8.686808046081069,76.82402232674082,Kerala,Attingal,30.0
Zenith EVCS - GO EC,8.733067658594678,76.81064655334814,Kerala,Attingal,30.0
Orion Plaza EVCS - GO EC,8.863426989733298,76.8712078360212,Kerala,Chadayamangalam,60.0
Power Up EVCS - GO EC,8.74908605012898,76.70581858621796,Kerala,Varkala,25.0
Green Planet EVCS - GO EC,8.982143340998263,76.80932966421278,Kerala,Kottarakkara,30.0
RK EVCS - GO EC,8.948246626469512,76.64624714068498,Kerala,Kundara,30.0
SK EVCS - GO EC,9.070991645604138,76.8563112284703,Kerala,Pathanapuram,25.0
Erathu Motors EVCS - GO EC,9.051367403391126,76.70324696297251,Kerala,Puthoor,30.0
Vrindavan EVCS - GO EC,9.045128433314076,76.77360003943176,Kerala,Inchakkad,25.0
JB Power EVCS - GO EC,9.116847049005273,76.74511188165377,Kerala,Adoor,60.0
Peninsula Park Residency EVCS - GO EC,9.145305964259492,76.76585838641842,Kerala,Adoor,30.0
Green Earth - GO EC,9.153564153649185,76.73554436189625,Kerala,Adoor,60.0
Sparkzone EVCS - GO EC,9.14579459592612,76.45936322492247,Kerala,Kayamkulam,25.0
Zufo EVCS,9.132307411349302,76.51385828713245,Kerala,Karunagappalli,25.0
Cartist - GO EC,9.184739728702354,76.49029683829167,Kerala,Kayamkulam,60.0
V Volte EVCS - GO EC,9.289000834095233,76.45653569251749,Kerala,Haripad,25.0
Anjaly EVCS - GO EC,9.246935401622352,76.75730779092834,Kerala,Omallor,30.0
Evergreen Continental EVCS - GO EC,9.26377680925411,76.7854352998848,Kerala,Pathanamthitta,30.0
Quik Energy EVCS - GO EC,9.311533026822985,76.62272052601361,Kerala,Chengannur,60.0
Amrutham Auto Care EVCS - GO EC,9.342144722861462,76.59848783947041,Kerala,Chengannur,30.0
Changanassery Immaculate Mary EVCS,9.459860217939863,76.55518358905402,Kerala,Changanassery,25.0
Calvarymount Jerry Plaza,9.80694248889715,77.04794025522557,Kerala,Alliyar,30.0
Westgate Inn EVCS - GO EC,9.747617293321468,77.10541770305377,Kerala,Kattappana,25.0
GO EC Charging Station,9.665398819574932,77.16084695044691,Kerala,Idukki,30.0
Sora EVCS - GO EC,9.614445835422885,77.15390991011253,Kerala,Kumali,30.0
Open Kitchen EVCS - GO EC,9.580204298452543,76.97061172783384,Kerala,Kuttikkanam,60.0
Nandanam EVCS - GO EC,9.56707472944133,76.70609404363415,Kerala,Kodungoor,30.0
Clay Art Cafe - GO EC,9.566378511526395,76.74160751395914,Kerala,Ponkunnam,25.0
GO Green EVCS,9.753999722373322,76.70127896431035,Kerala,Anthikkad,80.0
Nila's Magestic Arcade,9.683248151452077,76.60975356992105,Kerala,Kidangoor,30.0
Ettumanur Skylight EVCS - GO EC,9.668171829463475,76.57537881809179,Kerala,Ettumanoor,60.0
Chaithanya Hospital EVCS - GO EC,9.761923840599692,76.56472253025936,Kerala,Kuravilangad,25.0
Manjoor Beeza Clubhouse EVCS - GO EC,9.727579425560023,76.52038777302698,Kerala,Manjoor,30.0
Kalladanthiyil EVCS - GO EC,9.68333687975506,76.50559380666749,Kerala,Neendoor,30.0
The Grand Ambassador EVCS,9.589399335956784,76.52633053455003,Kerala,Kottayam ,30.0
Hotel Athira Residency EVCS - GO EC,9.578258767585766,76.51947056358193,Kerala,Kottayam,80.0
Cassia Regency EVCS - GO EC,9.490169816576028,76.3207371647539,Kerala,Alappuzha,30.0
Neo Charge EVCS - GO EC,9.559497168686136,76.32821358891908,Kerala,Alappuzha,30.0
Jason Orchard Inn EVCS - GO EC,9.56257506243169,76.32758403292866,Kerala,Alappuzha,30.0
Huts Restaurant EVCS - GO EC,9.683890802446342,76.3335821907994,Kerala,Cherthala,60.0
Vijaya EVCS - GO EC,9.851840438387285,76.3893878706051,Kerala,Kanjiramattom,30.0
MPA Tyres EVCS - GO EC,9.962610267571378,76.35800116158748,Kerala,Thrippunithura,30.0
Central Talkies EVCS - GO EC,9.948953177742126,76.34771091840872,Kerala,Thrippunithura,60.0
Tribute Royale EVCS - GO EC,9.94775835957229,76.31854611156217,Kerala,Maradu,60.0
Prithvi EVCS - GO EC,9.94745163258068,76.3034155566645,Kerala,Kadavanthra,60.0
EC City Centre EVCS - GO EC,9.96519449241434,76.29662321090922,Kerala,Ernakulam,25.0
Monsoon Empress Hotel EVCS,9.995959579488527,76.31410217952185,Kerala,Palarivattom,60.0
Max EVCS - GO EC,9.998499333886073,76.31386095749048,Kerala,Palarivattom,60.0
Park Residency EVCS - GO EC,10.014658809069601,76.34240059520744,Kerala,Kakkanad,25.0
EVGO Hub - GO EC,10.035673992083431,76.33644845243788,Kerala,Thrikkakkara,30.0
Daffodils EVCS - GO EC,10.032114506603733,76.32296046331254,Kerala,Edapally,30.0
Oberon Mall EVCS - GO EC,10.014373315870898,76.31253274186469,Kerala,Edapally,60.0
Lulu International Shopping Mall EVCS - GO EC,10.025852998355106,76.30847987689594,Kerala,Edapally,60.0
EcoPlug EVCS - GO EC,10.05657909163412,76.77664747363906,Kerala,Neriyamangalam,3.3
Future Clock EVCS - GO EC,10.08987328201421,76.49767034410803,Kerala,Perumbavoor ,80.0
Prestige EV Super Charging Station - GO EC,10.116599665826755,76.44569940523843,Kerala,Perumbavoor,60.0
Innate Convention Centre ,10.134847382197862,76.35454903990177,Kerala,Aluva,30.0
Athani Energize EVCS,10.141443983212852,76.35293383093199,Kerala,Athani,80.0
Hotel Airlink Castle - GO EC,10.155053463306785,76.35471452974735,Kerala,Athani,24.0
V-Green EVCS - GO EC,10.20178008680135,76.40966162425627,Kerala,Angamaly,80.0
Power Zone EV Charging Station - GO EC,10.149673029849538,76.21756419275295,Kerala,North Paravur,30.0
Koratty Chennai Anandabhavan EVCS - GO EC,10.277244588754584,76.34452807905916,Kerala,Koratty,60.0
Parekkat's EVCS - GO EC,10.24066911823239,76.27252885130724,Kerala,Mala,25.0
Kodungallur SVS - GO EC,10.21129204884221,76.1989886692013,Kerala,Kodungallur,25.0
FUZO EV Super Charging Station,10.378135160727652,76.12254539101707,Kerala,Kodungallur,60.0
Sree Rama EVCS - GO EC,10.435594973940098,76.26587468424111,Kerala,Thrissur,60.0
Daiz and Co. EVCS - GO EC,10.526149574968883,76.18795462415846,Kerala,Thrissur,30.0
Shobha City Mall EVCS - GO EC,10.548946556742209,76.18304110696954,Kerala,Thrissur,60.0
Amala Smart EVCS - GO EC,10.564967494138358,76.16598425547983,Kerala,Peramangalam,80.0
Sree Sankara EVCS - GO EC,10.487291202025474,76.07083611597062,Kerala,Vadanappalli,60.0
Green Drive EV Super Charging Station,10.494542466430332,76.06584744162075,Kerala,Vadanappilly,60.0
Sree Krishna Hotel - GO EC,10.598447823364936,76.03636788702198,Kerala,Guruvayoor,3.3
Palakkad Ahalia Women and Childern Hospital EVCS - GO EC,10.797308592491405,76.82754081494369,Kerala,Elappully,7.4
Palakkad Ahalia Eye Hospital EVCS - GO EC,10.79348727039229,76.82652950538215,Kerala,Elappully,7.4
Palakkad Ahalia Food Point EVCS - GO EC,10.792032259171833,76.82834711933714,Kerala,Elappully,7.4
Ahalia Walayar - GO EC,10.826593048149789,76.82605307444436,Kerala,Walayar,60.0
Le Sky Dine EVCS - GO EC,10.773957251049566,76.69819741498287,Kerala,Palakkad,60.0
Doctor Green EVCS - GO EC,10.646166361085193,76.55140239344632,Kerala,Alathur,60.0
Jeevz - GO EC,10.593239028175063,76.48253527396616,Kerala,Vadakkencherry,25.0
Sanjeevani Green - GO EC,10.710021712685972,76.42879294152868,Kerala,Thiruvilwamala,25.0
Green Valley - GO EC,10.69271606194583,76.26858375420068,Kerala,Thirissur,60.0
AR Dine - GO EC,10.750381972119513,76.27475659553528,Kerala,Cheruthuruthi,25.0
EV Super Charging Station,10.80479517192704,76.20815708375358,Kerala,Pattambi,30.0
Pattambi Power Bank - GO EC,10.811068529416133,76.18644369742708,Kerala,Pattambi,30.0
New Kerala Hotel EVCS - GO EC,10.784880988938937,76.17067627366248,Kerala,Nhangattiri,30.0
Oasis EV Super Charging Station,10.933556620012695,76.52721710150968,Kerala,Mannarkkad,60.0
Shalimar EVCS - GO EC,10.96529678353042,76.2838983337245,Kerala,Perinthalmanna,25.0
Green Zone EVCS - GO EC,10.873413080879715,76.06245822988649,Kerala,Valanchery,60.0
Environ EVCS,10.739569428832311,76.02927251363656,Kerala,Changaramkulam,80.0
CG Cafe EVCS - GO EC,11.139596145163637,76.23611346181906,Kerala,Pandikkad,60.0
Karulai Malayora Express EVCS - GO EC,11.288049483016962,76.2979817145112,Kerala,Karulai,30.0
Jam Joom Super Market - GO EC,11.286680725471314,76.23926379142972,Kerala,Nilambur,25.0
ABS Motors - GO EC,11.253647260873336,76.20190120433364,Kerala,Nilambur,30.0
VP Mall EVCS - GO EC,11.128915821482948,76.11539460586829,Kerala,Manjeri,60.0
Jam Joom EV Charging Station - GO EC,11.043180592356805,76.08430155752035,Kerala,Malappuram,25.0
HIQ Highway Market - GO EC,11.021175494360463,75.94812608969005,Kerala,Venniyour,30.0
Chargify EV Super Charging Station ,11.07841705440245,75.90276391559283,Kerala,Malappuram,30.0
Reliance Fresh EVCS,11.23473742288897,75.84670658837746,Keral,Kozhikode,30.0
Top Dines Hotel - GO EC,11.67080198813612,76.36101965515473,Kerala,Muthanga,30.0
Cafe Manoila - GO EC,11.597776607258112,76.08013836547212,Kerala,Kalpetta,25.0
CGH Wayanad Wild EV Charging Station - GO EC,11.518344247894746,76.02125570474698,Kerala,Lakkidi,30.0
Mall of Mukkom EVCS - GO EC,11.319727225409608,75.99551711292489,Kerala,Mukkom,60.0
HOTAG EV Charging Station - GO EC,11.404693280918323,75.92956805877805,Kerala,Thamarassery,25.0
Green Amp EVCS - GO EC,11.258801023176659,75.80890434709403,Kerala,Kozhikode,30.0
Calicut Malabar Gold - GO EC,11.257861801274402,75.78023060486237,Kerala,Kozhikode,30.0
Mandrin Sky - GO EC,11.927559724028896,75.50047314663138,Kerala,Kannur,7.0
JSR EVCS - GO EC,11.825802052750774,75.50895671019163,Kerala,Mambaram,30.0
Kannur H&H,11.87166370155964,75.39598586155216,Kerala,Melechowa,30.0
G Mall - GO EC,11.88020074722374,75.3746647850135,Kerala,Kannur,60.0
Exit 17 - GO EC,12.088637731621432,75.25264584630855,Kerala,Payyannur,30.0
Periya A Star - GO EC,12.40580531032613,75.09629760947794,Kerala,Hosdurg,30.0
Roshi EVCS (EVOK) - ChargeMOD,12.505974173728816,74.98678088662848,Kerala,Kasaragod,30.0
Kanhangad KSEB EVCS - ChangeMOD,12.34250549258168,75.11266367140311,Kerala,Kanhangad,30.0
Ammas Fast - ChargeMOD,12.227200225146419,75.15911993928029,Kerala,Cheruvathur,60.0
Mathil Service Co-Operative Bank EVCS - ChargeMOD,12.176970146284106,75.24675579831333,Kerala,Mathil,30.0
EQ Point EVCS - ChargeMOD,12.207766235160378,75.27945212654578,Kerala,Payyannur,25.0
PCR Bank EVCS - ChargeMOD,11.997449451910612,75.37090752986185,Kerala,Bakkalam,30.0
Manjapalam KSEB EVCS - ChargeMOD,11.878368279471403,75.35952615318283,Kerala,Kannur,30.0
Eastend Hotel and Resorts - ChargeMOD,10.087379401509637,77.06169962565411,Kerala,Munnar,30.0
Sky Penta EVCS - ChargeMOD,11.98556152906157,75.67618166036556,Kerala,Iritty,30.0
Reboost EVCS - ChargeMOD,11.754866634887236,75.5780650614575,Kerala,"Panoor, Kannur",30.0
Mindful EVCS - ChargeMOD,11.520444916879683,75.61798774380324,Kerala,Payyoli,60.0
EVOK Charger - ChargeMOD,11.648901043860448,75.75593648237526,Kerala,Kuttiyady,30.0
Banasura Sagar KSEB EVCS - ChargeMOD,11.672923978163226,75.95730580932587,Kerala,Padinjarathara,30.0
Empire Restaurant - ChargeMOD,11.736405311635153,75.98674422775375,Kerala,Tharuvana,60.0
Hotel Wayanad Square - ChargeMOD,11.796977641816383,76.00660113182988,Kerala,Mananthavady,60.0
Adhithya (EVOK) - ChargeMOD,11.66208634339526,76.26492171189932,Kerala,Sulthan Bathery,60.0
Meenangadi EVCS - ChargeMOD,11.654045695974418,76.15358523502817,Kerala,Meenangadi,60.0
Konfudha Resort - ChargeMOD,11.591455451778742,76.0709097761802,Kerala,Kalpetta,30.0
Vythiri KSEB EVCS - ChargeMOD,11.545753724925504,76.03937192662642,Kerala,Vythiri,30.0
Thamarassery KESEB EVCS - ChargeMOD,11.444087429515278,75.95587690828086,Kerala,Thamarassery,30.0
Locus EVCS - ChargeMOD,11.339683842558287,75.89871568981823,Kerala,Koduvally,120.0
Yadav EV Charging Station - ChargeMOD,11.311692154536999,75.88259339920793,Kerala,Kunnamangalam,60.0
Kuttoth Enterprises EVCS - ChargeMOD,11.28067356202429,75.8246316733898,Kerala,Kozhikode,30.0
RG Nallanna EVCS (EVOK) - ChargeMOD,11.280814669423393,75.82434977256585,Kerala,Kozhikode,30.0
Solar Sparks EVCS - ChargeMOD,11.427675411349242,75.70299624247721,Kerala,Koyilandi,30.0
Hotel Arcore,12.352687402465657,76.62920329960255,Karnataka,Mysuru,60.0
Manipal Hospital Mysore,12.350145879658738,76.66019890702132,Karnataka ,Mysuru,60.0
Pavangad KSEB EVCS - ChargeMOD,11.312411619159988,75.75859062889714,Kerala,Pavangad,30.0
Gandhi Road KSEB EVCS - ChargeMOD,11.262784457971506,75.76824105215104,Kerala,Kozhikode,30.0
Mountainpass Residency - ChargeMOD,11.386628059572274,76.35472249074127,Kerala,Vazhikadavu,30.0
Trends Edavannappara EVCS - ChargeMOD,11.245323145434341,75.97749174887804,Kerala,Edavannappara,30.0
Indus Motors - ChargeMOD,11.180743762022217,75.85119863600679,Kerala,Feroke,30.0
Kay Pees Electricals (EVOK) - ChargeMOD,11.168867778013905,75.92676863268412,Kerala,Pulikkal,30.0
RG Nallanna EVCS (EVOK) - ChargeMOD,11.17327990543808,75.9021517982653,Kerala,Aikkarapadi,30.0
Barakah Tiles and Stones | EVOK | Thenhipalam,11.144918979517485,75.89616975961107,Kerala,Pingottoormad,30.0
Tirur KSEB EVCS - ChargeMOD,10.916247276818709,75.9182865420172,Kerala,Tirur,30.0
Relax Point Restaurant,10.922820413293309,76.03291841407719,Kerala,Karippol,30.0
Thirunilath ECVS Charging Station - ChargeMOD,11.001726591966232,75.98044942341241,Kerala,Kottakkal,60.0
Malappuram KSEB EVCS - ChargeMOD,11.054224531620463,76.09214302066454,Kerala,Munduparamba,30.0
Krishna Enterprises - ChargeMOD,11.123033354978745,76.11586842746766,Kerala,Manjeri,30.0
Golden Baked EVCS - ChargeMOD,11.123411072326249,76.1241851617412,Kerala,Manjeri,30.0
EcoCharge EVCS - ChargeMOD,11.096399860074243,76.21070705445254,Kerala,Pandikkad,30.0
MKM Melattur (EVOK) - ChargeMOD,11.056208090445125,76.2785120254236,Kerala,Melattur,30.0
Green Drive EVCS - ChargeMOD,11.034502393123475,76.261886610857,Kerala,Vengoor,30.0
Hotel Mughal Park - ChargeMOD,10.977193894783383,76.22165088752695,Kerala,Perinthalmanna,60.0
Avenue Plaza - ChargeMOD,10.98886452092161,76.43668850614375,Kerala,Mannarkkad,60.0
Velanthavalam,10.809362994233211,76.8463215936606,Kerala,Vellamthavalam,30.0
Flash Charge EVCS - ChargeMOD,10.802279980273397,76.78520298821064,Kerala,Kanjikkode,30.0
Electrica EVCS - ChargeMOD,10.785354858796723,76.60395568328437,Kerala,Palakkad,30.0
Sihla Energy - ChargeMOD,10.839491845338173,76.57999971285125,Kerala,Mundur,30.0
Lakshmi KRS EVCS - ChargeMOD,10.898080110436226,76.39529564847953,Kerala,Sreekrishnapuram,30.0
Evee Buddy - ChargeMOD,10.778142494678946,76.43743038448139,Kerala,Lakkidi,60.0
Kulappully KSEB EVCS - ChargeMOD,10.779746009556462,76.28528085807898,Kerala,Kulappully,30.0
Syndicate Mall and Cinemas,10.878265919428571,76.1876066172299,Kerala,Koppam,30.0
Medi Mall EVCS - ChargeMOD,10.801586108398226,76.17840842985345,Kerala,Pattambi,60.0
Koottanad KSEB EVCS - ChargeMOD,10.75829320199584,76.13036645434084,Kerala,Kootanad,60.0
Sihla Energy EVCS - ChargeMOD,10.734551963997376,76.0486466862173,Kerala,Changaramkulam,60.0
Kadharkkante Chayakkada - ChargeMOD,10.732605539222305,76.03743007303854,Kerala,Changaramkulam,30.0
Maranchery Bank EVCS - ChargeMOD,10.733824066652744,75.97481311884229,Kerala,Maranchery,30.0
Sihla Energy CV Junction,10.78474624498736,75.94715236357325,Kerala,Ponnanu,30.0
Ponnani KSEB EVCS - ChargeMOD,10.77270262589785,75.94715150475236,Kerala,Ponnani,30.0
Flash Charge EVCS - ChargeMOD,10.68134081925561,76.16966999398119,Kerala,Erumappetti,30.0
SR Power Hub - ChargeMOD,10.644411306533499,76.2366523754647,Kerala,Wadakkanchery,60.0
Executive EVCS - ChargeMOD,10.616626586395299,76.12578392344301,Kerala,Kechery,30.0
Core Multicusine Restaurant - ChargeMOD,10.605823669307213,76.21178763460574,Kerala,Killannur,30.0
Plug and Share Charge EVCS - ChargeMOD,10.540561786051626,76.21568678106814,Kerala,Thrissur,30.0
Vydyuthi Bhavan KSEB EVCS - ChargeMOD,10.527794705960048,76.20534384591946,Kerala,Thrissur,30.0
V8 Car Spa (EVOK) - ChargeMOD,10.521332304786895,76.23075684655782,Kerala,Thrissur,30.0
Guardian EV Charging Station by Imminent Future - ChargeMOD,10.522036160727893,76.22756889930918,Kerala,Thrissur,30.0
Anchorage AC - ChargeMOD,10.51150300660646,76.2211242647158,Kerala,Mundupalam,30.0
Flash Hub EVCS - ChargeMOD,10.504451667440918,76.2253414703747,Kerala,Thrissur,30.0
Hotel Bhavan EVCS (EVOK) - ChargeMOD,10.497688531804059,76.06464225925947,Kerala,Engandiyoor,30.0
Surya Hotel (EVOK) - ChargeMOD,10.431569255270972,76.14255951064098,Kerala,Chazhoor,30.0
Valappad KSEB EVCS - ChargeMOD,10.401732210974814,76.11933511778938,Kerala,Valappad,30.0
Nattika FIRKA Service Co-Operative Bank - ChargeMOD,10.402437782624176,76.11263307811237,Kerala,Nattika,60.0
Sihla Energy EVCS - ChargeMOD,10.408946582335531,76.21401108727605,Kerala,Karuvannur,60.0
Irinjalakkuda KSEB EVCS - ChargeMOD,10.331423098125157,76.21526077419406,Kerala,Irinjalakkuda,30.0
Changathikoottam EVCS - ChargeMOD,10.593403340483874,76.58352519849984,Kerala,Nenmara,30.0
Vadakkenchery KSEB EVCS - ChargeMOD,10.597238174568261,76.4798493658505,Kerala,Vadakkenchery,30.0
Evee Buddy - ChargeMOD,10.59195730674837,76.46571176693163,Kerala,Vadakkencherry,30.0
Plugin EVCS - ChargeMOD,10.476826918091618,76.25758184965241,Kerala,Marathakkara,60.0
Topup Zone EVCS - ChargeMOD,10.433892384483272,76.26514871789954,Kerala,Amballur,60.0
EV Point EVCS - ChargeMOD,10.380660869345945,76.29768618030681,Kerala,Kodakara,60.0
Korner EVCS - ChargeMOD,10.367048481339793,76.31535658210885,Kerala,Thrissur,30.0
Flash Charge EVCS - ChargeMOD,10.339608926521834,76.32174630594778,Kerala,Chalakudy,60.0
Edassery Samrudhi Hypermarket (EVOK) - ChargeMOD,10.30310177272014,76.33704224327056,Kerala,Chalakudy,30.0
Indian Coffee House (EVOK) - ChargeMOD,10.28934329936537,76.33706820135649,Kerala,Chalakkudy,30.0
Clay House Hotel,10.285574229385333,76.34237765373388,Kerala,Chalakkudy,30.0
Hill View Resort (EVOK) - ChargeMOD,10.286039650950215,76.5585155754053,Kerala,Athirappilly,30.0
EVOK Charging Station - ChargeMOD,10.21406147599896,76.37936728862815,Kerala,Angamaly,30.0
Edassery Blue Bells EVCS - ChargeMOD,10.197144124540088,76.38410959459151,Kerala,Angamaly,30.0
Hotel Elite Palazzo,10.189753400173174,76.38664227055722,Kerala,Angamaly,50.0
ChargeMOD EVCS Hub,10.16955160052332,76.37225560702467,Kerala,Nedumbassery ,30.0
CIAL Terminal 3,10.156586379443638,76.39193156471646,Kerala,Nedumbassery ,30.0
CIAL Terminal 1,10.156867560906605,76.38897989990119,Kerala,Nedumbassery ,30.0
Capgo EVCS - ChargeMOD,10.1599144837582,76.38915826754294,Kerala,Nedumbassery ,30.0
Jippus Galaxy EVCS - ChargeMOD,10.161062057476386,76.38563077960612,Kerala,Nedumbassery ,25.0
Airsuite Airport Hotel,10.159295127176051,76.378522878571,Kerala,Nedumbassery ,30.0
North Paravoor KSEB EVCS - ChargeMOD,10.145632978293406,76.25690380565499,Kerala,North Paravoor,30.0
Dhruv EVCS - ChargeMOD,10.154913045890254,76.28601444774222,Kerala,Kunnukara,30.0
Sulfex Mattress (EVOK) - ChargeMOD,10.081559652703305,76.33986741548819,Kerala,Choornikkara,30.0
EVM MG Motors Coastline Garage - ChargeMOD,10.077284480624044,76.3376412345441,Kerala,Kochi,60.0
Steelane (EVOK) - ChargeMOD,10.040433868452538,76.33852407332273,Kerala,Kalamassery,30.0
Kalamassery KSEB EVCS - ChargeMOD,10.053770034128178,76.33086763254079,Kerala,Kalamassery,30.0
Rajagiri College EVCS - ChargeMOD,10.052459248046603,76.31465630080953,Kerala,Kalamassery,30.0
Flash Charge - ChargeMOD,10.027760860324861,76.31117443905742,Keral,Edappally,30.0
Kaloor KSEB EVCS - ChargeMOD,10.000241036861425,76.29842982467909,Kerala,Kaloor,30.0
Gandhinagar KSEB EVCS - ChargeMOD,9.974192529648036,76.29368170309505,Kerala,Kochi,30.0
Chillax EVCS (EVOK) - ChargeMOD,9.985005178404208,76.3160654318624,Kerala,Thammanam,30.0
Evee Buddy - Memaid EVCS - ChargeMOD,9.971684804361004,76.32415963358551,Kerala,Vyttila,30.0
Broad Bean Hotel (EVOK) - ChargeMOD,9.962667763402436,76.31821354245426,Kerala,Vyttila,60.0
Vyttila KSEB EVCS - ChargeMOD,9.962901962801453,76.31922070618452,Keral,Vyttila,30.0
BYD EVM Southcoast Service Centre - ChargeMOD,9.94813498576815,76.31850175922932,Kerala,Maradu,60.0
EVM La Maison Citroen Kochi - ChargeMOD,9.940155100929147,76.31841841422022,Kerala,Maradu,30.0
LiON EVCS - ChargeMOD,9.94222521279606,76.33388510471883,Kerala,Maradu,30.0
Rajagiri Hospital EVCS - ChargeMOD,10.088031831505504,76.3890422078266,Kerala,Aluva,30.0
Raos EVCS - ChargeMOD,9.93254634166027,76.3882939775574,Kerala,Thrippunithara,30.0
PPG Home EVCS - ChargeMOD,9.932987601606115,76.38873573076705,Kerala,Thrippunithara,60.0
Hound Mobility EVCS | Kakkanad,10.001801810427551,76.36151799279622,Kerala,Kakkanad,60.0
Wonderla - Statiq,10.02602207094047,76.3919959661103,Kerala,Pallikkara,60.0
Matha DC EVCS - ChargeMOD,10.031936931279205,76.40749252320211,Kerala,Kizhakkambalam,30.0
Hotel Oottupura (EVOK) - ChargeMOD,10.130170867903814,76.47072020964066,Kerala,Perumbavoor ,30.0
Renvolt (EVOK) - ChargeMOD,10.069470074742668,76.60263007017147,Kerala,Kothamangalam,60.0
Kothamangalam KSEB EVCS - ChargeMOD,10.053980539499676,76.61538420232228,Kerala,Kothamangalam,30.0
GATR PowerFin EVCS - ChargeMOD,9.979468552526953,76.55067812604801,Kerala,Muvattupuzha,30.0
PlugMap EVCS by Evan and Eyan - ChargeMOD,9.978862993946649,76.58443995153965,Kerala,Moovattupuzha,30.0
Kabani International (EVOK) - ChargeMOD,9.979118267964807,76.58664022612703,Kerala,Moovattupuzha,30.0
Pineapple City EVCS - ChargeMOD,9.946157359688044,76.6356309994008,Kerala,Thodupuzha,60.0
Hotel Woodlands - ChargeMOD,9.91734069694752,76.68758141119349,Kerala,Thodupuzha,30.0
Thodupuzha KSEB EVCS - ChargeMOD,9.892123471651985,76.7085305288831,Kerala,Thodupuzha,30.0
EQ EV Nest - ChargeMOD,9.863113531376897,76.6970905245609,Kerala,Karimkunnam,30.0
Royal EV Charging - ChargeMOD,9.856562504416218,76.59656979753362,Keraka,Koothattukulam,30.0
EQ ChargeMate - ChargeMOD,9.798850817452347,76.4598873830646,Kerala,Thalayolaparambu,30.0
Sihla Energy - ChargeMOD,9.594581375188383,76.42606941926459,Kerala,Kumarakom,30.0
BMW EVM Autokraft Service Center - ChargeMOD,8.502329327755106,76.89772557160751,Kerala,Kochuveli,24.0
ChargeMOD EVCS,8.357873853342397,77.07294497953484,Kerala,Thiruvananthapuram ,40.0
Emily By JDaniels,8.49497477821879,76.97756797546737,Kerala,Poojappura,60.0
Nuke EVCS - ChargeMOD,8.548542374667107,76.91829327971476,Kerala,Sreekaryam,30.0
Electro Zone EV Fast Charging Station - ChargeMOD,8.560820152303819,76.89816463865816,Kerala,Karyavattom,30.0
Akshaya EV Fast Charging Station - ChargeMOD,8.565300166377725,76.87444738407987,Kerala,Kazhakuttom,30.0
Moolamattom KSEB EVCS - ChargeMOD,9.789170222066858,76.85385688839403,Kerala,Moolamattom,30.0
EQ Vagamon EV Port - ChargeMOD,9.68430398680107,76.89548263873428,Kerala,Vagamon,30.0
Palm Peats (EVOK) - ChargeMOD,9.690678968394721,76.7745897285775,Kerala,Erattupetta,30.0
Flour Mill (EVOK) - ChargeMOD,9.711918348051455,76.6932444958519,Kerala,Pala,30.0
Jim and Jims EVCS - ChargeMOD,9.691623797834922,76.64031694680193,Kerala,Pala,60.0
Alpha Hangout Play World,9.661163852215779,76.55132832762774,Kerala,Ettumanoor,60.0
Gandhi Nagar KSEB EVCS - ChargeMOD,9.632684209424426,76.52440170126067,Kerala,Arpookara,30.0
Indraprastha Hotel (EVOK) - ChargeMOD,9.601836959255365,76.5321590128982,Kerala,Kottayam,30.0
Charge n Fresh EVCS - ChargeMOD,9.586257488209199,76.58841522125499,Kerala,Kottayam,30.0
Pallam KSEB EVCS - ChargeMOD,9.543064906573704,76.51423132822606,Kerala,Pallom,30.0
Amma Restaurant,9.519932044528943,76.32752164445753,Kerala,Alappuzha,30.0
Thankamanys EV Fast Charging Station - ChargeMOD,9.505147465480917,76.32832598188742,Kerala,Alappuzha,30.0
Punnapra KSEB EVCS - ChargeMOD,9.42561690304693,76.34677264043893,Kerala,Punnapra,30.0
Pathalil EVCS - Charge MOD,9.506164435852696,76.65233361498815,Kerala,Nedumkunnam,30.0
JJ E Fills - ChargeMOD,9.45225032580369,76.54723889833599,Kerala,Changanassery,60.0
Wealfro EV Hub,9.42107626726309,76.54613416788874,Kerala,Thiruvalla,40.0
Anand Hypermarket - ChargeMOD,9.373321982204288,76.56481064983558,Kerala,Thiruvalla,25.0
Iongrid EV Spark - ChargeMOD,9.367525880261468,76.49951805750726,Kerala,Edathwa,30.0
V Charge Hub - ChargeMOD,9.31425028332201,76.42910773148486,Kerala,Karuvatta,60.0
Quick Charge EVCS - ChargeMOD,9.315750048885036,76.40122120264317,Kerala,Karuvatta,60.0
Phills Hub EVCS - ChargeMOD,9.316652369390567,76.80090226904508,Kerala,Pathanamthitta,60.0
Pamba KSEB EVCS - ChargeMOD,9.412378118693468,77.069968563425,Kerala,Pamba,30.0
EVOK Pathanamthitta - ChargeMOD,9.306222052286827,76.80366578189017,Kerala,Pathanamthitta,30.0
Green Plug EVCS - ChargeMOD,9.271844657077722,76.65508788685014,Kerala,Chengannur,30.0
PTC Arcade - ChargeMOD,9.301293402436599,76.63077878361094,Kerala,Chengannur,90.0
Muzhangodayil EVCS - ChargeMOD,9.251673852976054,76.48723263635628,,Harippad,60.0
Askar EV - ChargeMOD,9.23250558016045,76.53790278235039,Kerala,Mavelikkara,25.0
Anaswara Jewellers EVCS - ChargeMOD,9.229128424494249,76.84839128111668,Kerala,Konni,30.0
EQ Power Buzz EVCS - ChargeMOD,9.187183740570958,76.70929549578068,Kerala,Paranthal,25.0
Adhithya Green Power - ChargeMOD,9.180307946017876,76.70896676308257,Kerala,Paranthal,30.0
SR Auto Zone - ChargeMOD,9.162499405108221,76.71051677559518,Kerala,Adoor,30.0
Artemis EV Super Charger - ChargeMOD,9.198881109408163,76.60017650492466,Kerala,Mavelikkara,30.0
Royale Regency (EVOK) - ChargeMOD,9.130625595290141,76.51429714499989,Kerala,Ochira,30.0
Delight Launch Cafe - ChargeMOD,9.059350297189397,76.76600396907929,Kerala,Kottarakkara,30.0
Ente Veedu Interior (EVOK) - ChargeMOD,9.030351870410755,76.78219777246784,Kerala,Kottarakkara,30.0
Thenmala EVOK - ChargeMOD,8.966824195605966,77.05562962995492,Kerala,Thenmala,30.0
Plug N Pay EVCS - ChargeMOD,8.935045209787887,76.77241547653307,Kerala,Odanavattom,30.0
Kundara KSEB - ChargeMOD,8.95718585834993,76.67133653462605,Kerala,Kundara,30.0
Sree Suprabhatham - ChargeMOD,8.926969524448452,76.55280314933964,Kerala,Kollam,60.0
Bishop Jerome Nagar (EVOK) EVCS - ChargeMOD,8.887577413782594,76.58843660568147,Kerala,Chinnakkada,60.0
VOX Xpress Wash (EVOK) - ChargeMOD,8.87386801577226,76.64100893106445,Kerala,Kollam,30.0
EVOK Charging Stattion - ChargeMOD,8.819673867794634,76.75363730582768,Kerala,Parippalli,30.0
Plug N Pay EVCS,8.935694034983442,76.85104921051595,Kerala,Kottarakkara,30.0
Kottiyam KSEB EVCS - ChargeMOD,8.866370095144688,76.66887781466477,Kerala,Kottiyam,30.0
Avananchery KSEB EVCS - ChargeMOD,8.690987763706332,76.8483977852415,Kerala,Attingal,30.0
Paruthippara KSEB EVCS - ChargeMOD,8.534933840840353,76.94198425748345,Kerala,Paruthippara,60.0
Pattom KSEB EVCS - ChargeMOD,8.516753527229795,76.93968817666752,Kerala,Pattom,60.0
ANERT EESL - Pinarayi Park,11.795232100785313,75.49021889997948,Kerala,Kannur,60.0
ANERT EESL - Aahar Restaurant Vadakara,11.586364891391128,75.59322033744107,Kerala,Vadakara,60.0
ANERT EESL - Moosakkutti Memorial Bus Stand,10.97506930502017,76.22228328115466,Kerala,Perinthalmanna,60.0
ANERT EESL - Kanjirappuzha Garden,10.989259255628724,76.5370121393978,Keral,Mannarkkad,60.0
ANERT EESL - KTDC Aahar Restaurant ,9.149021955063077,76.5129182302341,Lerala,Kayamkulam,60.0
ANERT EESL - Kulappulli Bus Stand,10.781016444981958,76.27832766263367,Kerala,Shornur,60.0
ANERT EESL - KILA Thrissur,10.601581892750232,76.21488230874667,Kerala,Thrissur,60.0
ANERT EESL - Chittur Thathamangalam Minicipality,10.692951545459948,76.7262620829282,Kerala,Palakkad,60.0
ANERT EESL - DTPC Idukki Park,9.849056508967635,76.97740370583625,Kerala,Idukki,60.0
ANERT EESL - Ernakulam,9.97698850139885,76.2778105180987,Kerala,Ernakulam,60.0
ANERT EESL - Autokast ,9.63370013043675,76.33372244690435,Kerala,Cherthala,60.0
ANERT EESL Milma Diary Plant - EESL,9.218788691780205,76.74875398321973,Kerala,Pathanamthitta ,60.0
ANERT - EESL Sangamukham - EESL,8.481014702107387,76.91264314471567,Kerala,Thiruvananthapuram ,60.0
Apco Hyundai - ChargeZone,12.508914881020132,75.0447842630179,Kerala,Chengala,30.0
Thiruvangoor EV Fast Charging Station - ChargeMOD,11.382827235535927,75.73593649657082,Kerala,Kozhikode,60.0
MB#Bridgeway Motors,11.282498947490097,75.76959949804987,Kerala,Kozhikode,60.0
KVR Hyundai - ChargeZone,11.27997830911059,75.77048059797019,Kerala,Kozhikode,30.0
Grand Hyundai - ChargeZone,10.790476610940487,76.65111938555197,Kerala,Palakkad,60.0
MB#Bridgeway Motors,10.471047117861417,76.25745902731421,Kerala,Thrissur,60.0
Kochi Marriot Hotel,10.029828147933713,76.30813431285094,Kerala,Kochi,60.0
Le Meridien - ChargeZone,9.933863177376935,76.3168740616045,Kerala,Ernakulam,60.0
MB#Coastal Star,9.922990219918262,76.31768924611822,Kerala,Ernakulam,180.0
GreenVeel,9.973783778024469,76.6006940918598,Kerala,Muvattupuzha,30.0
GreenVeel - ChargeZone,9.892659539885386,76.71176413963099,Kerala,Idukki,90.0
Athirampuzha,9.661688305606717,76.55113745755165,Kerala,Kottayam,60.0
SS Hyundai,9.27774492539669,76.75468311365398,Kerala,Pathanamthitta,60.0
GDM Auditorium - ChargeZone,9.169962388825738,76.49808791886016,Kerala,Kayamkulam,60.0
Hotel Indraprastha,9.052355042165445,76.5354608083407,Kerala,Karunagappalli,60.0
Best EVCS - ChargeMOD,9.046053009129778,76.53663078070491,Kerala,Karunagappalli,30.0
Instacharge EV Fast Charging and Café,8.915427160815128,76.61486886765476,Kerala,Kollam,60.0
Chungath Sprise Hyundai - ChargeZone,8.911104862076982,76.62735315845515,Kerala,Kollam,30.0
KVE Charge,8.737548356185883,76.70789801259406,Kerala,Varkala,60.0
Marvel Paints,8.535706208418148,76.96526204012383,Kerala,Thiruvananthapuram ,60.0
Raj Residency - Zeon,12.304241742478752,75.09704178085582,Kerala,Kanhangad,50.0
Koodali SCB,11.927016595657648,75.50042206155453,Kerala,Kannur,30.0
Co-Operqative Bank - Zeon,11.787885590422789,75.53302104514765,Kerala,Kathirur,30.0
Down Town Mall - Zeon,11.745123385253223,75.49541917459942,Kerala,Thalasseri,60.0
Issacs Centre Square - Zeon,11.661242260762606,76.25568142399845,Kerala,Sulthan Batheri,24.0
Great Trails Wayanad by GRT Hotels,11.630455838998557,76.0181458403498,Kerala,Kalpetta,22.0
Nesto Hypermarket - Zeon,11.603113725229335,76.08314903993465,Kerala,Kalpetta,24.0
HiLite Mall - Zeon,11.248102467880244,75.83413591969762,Kerala,Kozhikode,120.0
HiLite Business Park - Zeon,11.24701615784167,75.83467863520764,Kerala,Kozhikode,60.0
Nesto Hypermarket - Zeon,10.99573941435061,75.99210993730881,Kerala,Kottakkal,60.0
Club Sulaimani - Zeon,10.983867426675815,75.99802950416446,Kerala,Kottakkal,24.0
Nesto Hypermarket Zeon,10.907726245273935,75.92032568189924,Kerala,Thirur,60.0
Emirates Mall - Zeon,10.786020507719897,76.00816181964399,Kerala,Edappal,24.0
Hotel Devaragam,10.595622580626454,76.04459842650351,Kerala,Guruvayur,24.0
Nesto Hypermarket,10.539926248084,76.19288757731226,Kerala,Thrissur,60.0
Dream City Convention Center,10.55587198783526,76.32282252128522,Kerala,Pattikkad,24.0
Chennai Ananda Bhavan,10.51275970432485,76.25891674593504,Kerala,Thrissur,60.0
Hilite Mall,10.49548871358526,76.25680252890044,Kerala,Thrissur,120.0
Mughal Mall,10.231319020041099,76.19724309794333,Kerala,Kodungallur,60.0
Maxx Inn M Star,10.222723756649074,76.37569774238432,Kerala,Angamaly,24.0
Club Mahindra Resort - Cherai Beach,10.137093999810617,76.18028952544324,Kerala,Cherai,22.0
Grand Mall,10.024160422636712,76.30871193061643,Kerala,Edappalli,60.0
Gokul Oottupura Restaurant,10.011144817352246,76.31249740510384,Kerala,Edappalli,50.0
Brunton Boatyard,9.968304525407731,76.24570948393551,Kerala,Cochin,24.0
Casino Hotel,9.96143124399039,76.26949095249614,Kerala,Kochi,22.0
Hotel Ganga Grand,9.981770565891793,76.57830422508846,Kerala,Moovattupuzha,60.0
Eden Wood Resorts,10.025676321659006,77.05377106161887,Kerala,Munnar,22.0
Club Mahindra Aleppey Resort,9.859751104489362,76.33582416512633,Kerala,Arookutty,22.0
CGH Marari Beach,9.596033618612921,76.30277023506221,Kerala,Mararikulam,22.0
Cassia Restaurant,9.518713883149715,76.32748515490442,Kerala,Alappuzha,60.0
Hotel Aida,9.582880475673022,76.52168622035634,Kerala,Kottayam,50.0
The Windsor Castle Hotel,9.571548200477338,76.51936940989242,Kerala,Kottayam,24.0
Club Mahindra Resort - Thekkadi,9.603436669871357,77.17154785062633,Kerala,Kumali,22.0
